CODID,mp
1000018,86.0
1000019,86.0
1100989,86.0
1100991,86.0
1100992,86.0
1100994,86.0
1101055,86.0
1101139,90.0
1501746,91.0
1501747,100.0
1501748,104.0
1501749,130.8
1501817,131.0
1501822,134.0
1501823,134.0
1501848,134.0
1501924,134.0
1502058,135.0
1502389,135.0
1502416,135.0
1502430,135.0
1502476,135.0
1502477,140.2
1502607,158.0
1502608,158.0
1502609,161.7
1502616,161.7
1502707,163.0
1502708,165.0
1502803,165.0
1502814,169.0
1502914,170.0
1503071,170.0
1503072,174.0
1503120,174.0
1503121,174.0
1503122,174.15
1503173,175.37
1503174,175.5
1503329,175.5
1503424,175.5
1503425,175.5
1503442,176.0
1503460,176.0
1503464,176.0
1503465,176.0
1503603,176.0
1503747,176.19
1503799,176.19
1503800,176.19
1503801,176.19
1503802,176.5
1503807,177.0
1503977,178.0
1503978,179.0
1504036,179.5
1504037,179.5
1504128,179.5
1504155,179.5
1504306,179.5
1504348,181.0
1504349,183.0
1504350,184.0
1504351,184.994
1504378,185.0
1504379,185.0
1504380,185.0
1504381,185.0
1504382,185.0
1504383,185.5
1504384,187.0
1504385,188.15
1504386,190.0
1504394,190.0
1504395,190.0
1504396,190.0
1504397,190.15
1504424,191.0
1504425,191.15
1504436,192.0
1504437,192.0
1504483,195.0
1504629,195.5
1504630,196.0
1504631,198.0
1504636,198.0
1504681,198.0
1504707,198.0
1504781,200.0
1504817,201.5
1505033,203.0
1505034,205.5
1505035,206.3
1505235,209.0
1505236,209.0
1505237,209.0
1505238,209.15
1505349,210.0
1505356,210.0
1505357,210.0
1505358,210.0
1505359,210.15
1505360,210.15
1505374,210.15
1505375,211.0
1505457,211.0
1505661,213.0
1505865,215.0
1506014,215.0
1506220,215.0
1506221,216.5
1506222,218.0
1506223,218.0
1506235,218.0
1506236,218.0
1506289,218.0
1506290,218.5
1506302,220.0
1506380,220.0
1506381,220.0
1506382,220.0
1506383,220.65
1506384,220.65
1506385,220.65
1506386,220.65
1506444,220.65
1506467,220.65
1506468,220.65
1506496,220.65
1506497,221.0
1506514,221.0
1506529,223.0
1506530,223.0
1506531,223.0
1506539,224.0
1506543,224.0
1506544,225.0
1506545,225.5
1506547,226.0
1506578,228.0
1506637,228.0
1506638,228.0
1506649,228.0
1506651,228.0
1506675,228.0
1506789,228.0
1506829,228.0
1506830,228.0
1506915,228.0
1506916,228.0
1506924,229.7
1506925,229.7
1506926,230.0
1506999,231.0
1507025,231.0
1507079,231.0
1507080,231.0
1507132,231.0
1507160,233.0
1507239,233.0
1507240,233.15
1507241,233.15
1507242,236.0
1507243,236.0
1507305,236.217
1507306,236.6
1507331,236.6
1507332,236.6
1507333,236.6
1507366,236.6
1507461,237.0
1507473,238.0
1507486,238.5
1507550,239.0
1507551,241.0
1507557,242.0
1507558,242.0
1507561,242.0
1507661,242.0
1507662,242.0
1507663,242.0
1507668,242.5
1507879,242.8
1508010,242.8
1508214,242.8
1508215,242.8
1508313,243.0
1508314,243.0
1508315,244.0
1508643,244.0
1508888,244.37
1511801,244.37
1511802,244.37
1511803,244.37
1511804,244.37
1511805,244.37
1511806,245.0
1511807,245.0
1511808,245.0
1511809,245.0
1511810,245.0
1511811,245.0
1511812,245.5
1511870,246.0
1511871,247.3
1511872,248.3
1511873,248.5
1511886,249.0
1511983,249.6
1511984,250.0
1511985,250.0
1511986,250.0
1511987,251.15
1511988,253.0
1511989,253.0
1511990,254.15
1511991,254.15
1511992,254.9
1511993,256.0
1511994,256.0
1511995,256.4
1511996,257.5
1511997,258.0
1511998,258.0
1511999,258.0
1512000,258.0
1512001,258.0
1512002,258.15
1512003,259.0
1512004,259.0
1512005,259.0
1512006,260.0
1512007,261.0
1512008,262.0
1512009,262.5
1512010,263.0
1512011,263.0
1512012,263.0
1512013,263.0
1512014,264.0
1512015,265.0
1512023,265.0
1512024,265.0
1512025,266.0
1512026,266.0
1512135,266.0
1512136,267.0
1512332,267.5
1512333,268.0
1512382,270.0
1512383,270.0
1512384,270.0
1512561,270.0
1513037,270.0
1513038,270.0
1513039,271.0
1513041,271.8
1513044,272.0
1513054,272.8
1513055,273.0
1513056,273.0
1513057,273.5
1513058,274.0
1513059,274.0
1513075,274.0
1513169,275.0
1513336,276.0
1513359,276.0
1513360,276.2
1513361,276.2
1513362,276.7
1513363,277.0
1513364,277.9
1513365,278.0
1513366,278.0
1513819,278.0
1514506,278.0
1514507,278.2
1514727,279.0
1514728,279.0
1514832,279.0
1514929,279.0
1515784,279.0
1515913,279.0
1515916,279.0
1516032,279.0
1516115,279.15
1516116,280.0
1516117,281.0
1516118,281.0
1516119,282.0
1516246,283.0
1516247,283.0
1516334,283.0
1516335,283.0
1516336,284.0
1516337,284.29
1516338,284.29
1516389,284.29
1516390,284.29
1516574,284.29
1516772,284.29
1516988,284.29
1517163,284.29
1517896,284.29
1517897,284.29
1517943,284.5
1517989,285.0
1518008,285.0
1518009,285.0
1518280,285.2
1518432,285.45
1518433,286.0
1518434,287.0
1518435,287.9
1518436,287.9
1518437,289.0
1518438,289.0
1518439,289.75
1518440,290.0
1518441,290.07
1518442,290.07
1518443,290.07
1518444,290.07
1518445,290.3
1518446,290.5
1518943,291.0
1518960,291.0
1519689,293.0
1519690,293.0
1519868,293.15
1519873,293.15
1519874,293.15
1519875,293.15
1519877,293.15
1520623,293.15
1520625,293.15
1520631,293.15
1529194,293.15
1529195,293.15
1529196,293.15
1529197,293.15
1529198,293.15
1529199,293.15
1529322,293.15
1530687,293.15
1541855,293.15
1542316,293.15
1542502,293.15
1542505,293.15
1543059,293.15
1543060,293.15
1543109,294.0
1543110,294.0
1543111,294.5
1543450,294.5
1543491,295.0
1543538,295.0
1543618,296.0
1543619,297.0
1543715,297.0
1543716,298.0
1543805,298.0
1543985,298.0
1544175,298.0
1544223,298.0
1544224,298.0
1544225,298.0
1544226,299.0
1544232,300.0
1544233,300.15
1544234,300.4
1544317,301.0
1544318,302.0
1544484,302.85
1544655,303.0
1544656,303.0
1544981,303.0
1545237,304.0
1545377,304.0
1545487,304.0
1545584,304.15
1545665,304.5
1545666,305.0
1545667,305.0
1545680,305.0
1545681,305.0
1545682,306.0
1545683,307.0
1545684,307.0
1545685,308.0
1546043,308.0
1546044,308.5
1546045,308.6
1546046,309.0
1546048,309.15
1546261,309.5
1546262,310.0
1546263,310.0
1546264,310.0
1546267,310.0
1546268,310.15
1546269,310.15
1546270,310.5
1547179,310.6
1547210,311.0
1547808,311.0
1547809,311.0
1547810,312.0
1547811,312.15
1547812,312.5
1547813,313.0
1547814,313.0
1547815,313.0
1547816,313.15
1547851,314.0
1547852,314.0
1547853,314.0
1547854,314.0
1547855,314.15
1547856,314.2
1547857,314.2
1547858,314.4
1548057,314.6
1548359,315.0
1548360,315.1
1548675,315.1
1548728,315.1
1549947,315.1
1549948,315.15
1549949,315.5
1550534,315.5
1551078,316.0
1551079,316.0
1551080,316.6
1551081,317.0
1551703,317.0
1551788,318.0
1551793,318.0
1552638,318.0
1552639,318.6
1552641,318.6
1552732,319.0
1552734,319.0
1552736,319.0
1553096,319.1
1553351,319.15
1553352,319.15
1553353,319.2
1554140,319.6
1555571,320.0
1555572,320.0
1555594,320.7
1555857,321.0
1555858,321.0
1556043,321.15
1556110,321.6
1556114,322.0
1556637,322.0
1557413,322.0
1557980,322.5
1558397,323.0
1559048,323.0
1559130,323.0
1559620,323.0
1559621,323.05
1559622,323.05
1559623,323.45
1559624,324.0
1559626,324.0
1559627,324.0
1559629,324.0
1559631,324.0
1559633,324.0
1559849,324.0
1559923,325.0
1559924,325.0
1561216,325.0
1563941,325.0
1565185,325.0
1565903,325.0
1565904,325.0
1565905,325.0
1566166,325.0
1566167,325.0
1566484,325.0
1566485,325.0
1566486,325.0
1566487,325.0
1566488,325.0
1566489,325.1
1566490,325.9
1566491,326.0
1566492,326.0
1566493,326.0
1566494,326.0
1566495,326.0
1566496,326.0
1566497,326.0
1566498,326.0
1566499,326.5
1566500,326.5
1566804,326.7
1567170,327.0
1567171,327.0
1567172,327.0
1567236,327.1
1567750,327.15
1567752,327.15
1568221,327.15
2000642,327.15
2000646,327.15
2000647,327.4
2000650,327.5
2000723,327.6
2001125,327.6
2001187,328.0
2001233,328.0
2001237,328.0
2001239,328.0
2001258,328.0
2001325,328.15
2001326,328.6
2001373,329.0
2001411,329.0
2001416,329.0
2001714,329.0
2001811,329.0
2001829,329.5
2001830,329.5
2002919,329.5
2002923,329.6
2002996,330.0
2002997,330.0
2003024,330.0
2003033,330.0
2003207,330.2
2003219,330.2
2003253,330.6
2003257,330.6
2003259,330.8
2003313,331.0
2003319,331.0
2003321,331.0
2003338,331.15
2003341,331.15
2003350,331.15
2003361,331.5
2003379,331.8
2003491,332.0
2003509,332.0
2003587,332.2
2003588,332.5
2003592,332.5
2003602,332.5
2003649,332.5
2003660,333.0
2003661,333.0
2003664,333.0
2003671,333.0
2003719,333.0
2003722,333.0
2003744,333.0
2003778,333.0
2003779,333.0
2003780,333.0
2003782,333.0
2003815,333.0
2003816,333.0
2003817,333.17
2003840,334.0
2003850,334.0
2003862,334.0
2003873,334.0
2003883,334.0
2003941,334.0
2003953,334.15
2003965,334.45
2003966,334.45
2003989,335.0
2004023,335.0
2004031,335.0
2004061,335.15
2004072,335.15
2004080,335.5
2004083,335.5
2004093,335.5
2004107,335.5
2004128,336.0
2004129,336.0
2004183,336.0
2004185,336.0
2004219,336.1
2004269,336.5
2004288,336.5
2004298,336.5
2004299,337.0
2004300,337.0
2004304,337.0
2004353,337.0
2004360,337.1
2004365,337.5
2004374,337.5
2004386,337.5
2004399,337.5
2004406,337.6
2004478,337.95
2004504,338.0
2004518,338.0
2004526,338.0
2004528,338.0
2004545,338.0
2004557,338.0
2004558,338.0
2004559,338.0
2004565,338.0
2004566,338.0
2004574,338.05
2004575,338.05
2004676,339.0
2004720,339.0
2004726,339.0
2004727,339.15
2004768,339.15
2004769,339.35
2004890,339.5
2004894,339.5
2004935,340.0
2004938,340.0
2004947,340.0
2004967,340.0
2005011,340.0
2005021,340.0
2005022,340.05
2005023,340.15
2005041,340.15
2005077,340.15
2005084,340.4
2005119,340.7
2005167,341.0
2005168,341.0
2005169,341.0
2005176,341.0
2005193,341.0
2005230,341.0
2005267,341.0
2005276,341.0
2005323,341.0
2005344,341.0
2005346,341.0
2005352,341.0
2005375,341.0
2005378,341.0
2005380,341.0
2005385,341.0
2005408,341.0
2005411,341.0
2005414,341.0
2005415,341.0
2005416,341.0
2005446,341.0
2005447,341.0
2005448,341.0
2005449,341.0
2005482,341.0
2005511,341.0
2005536,341.0
2005548,341.0
2005560,341.0
2005578,341.0
2005599,341.0
2005613,341.0
2005618,341.0
2005631,341.0
2005635,341.0
2005644,341.0
2005656,341.0
2005672,341.0
2005677,341.0
2005685,341.0
2005692,341.0
2005693,341.0
2005729,341.0
2005730,341.0
2005734,341.5
2005740,341.5
2005749,341.5
2005755,341.6
2005774,342.0
2005781,342.0
2005783,342.0
2005789,342.0
2005790,342.0
2005806,342.1
2005814,342.5
2005819,342.6
2005832,343.0
2005833,343.0
2005851,343.0
2005860,343.0
2005865,343.0
2005878,343.0
2005910,343.0
2005914,343.0
2005944,343.0
2005966,343.0
2005976,343.0
2006000,343.0
2006008,343.0
2006009,343.0
2006011,343.0
2006013,343.0
2006014,343.0
2006072,343.0
2006081,343.0
2006082,343.0
2006088,343.0
2006094,343.0
2006095,343.1
2006099,343.15
2006105,343.15
2006106,343.5
2006171,343.55
2006199,343.6
2006262,344.0
2006277,344.0
2006300,344.0
2006338,344.0
2006340,344.0
2006348,344.0
2006351,344.0
2006353,344.0
2006354,344.1
2006367,344.3
2006372,344.5
2006373,344.5
2006389,344.5
2006411,344.5
2006417,344.6
2006440,344.8
2006444,345.0
2006458,345.0
2006465,345.0
2006506,345.0
2006507,345.0
2006514,345.0
2006519,345.0
2006543,345.0
2006547,345.0
2006577,345.0
2006585,345.15
2006605,345.5
2006609,345.5
2006612,345.5
2006617,345.5
2006624,345.5
2006625,345.5
2006627,346.0
2006644,346.0
2006654,346.0
2006660,346.0
2006669,346.0
2006691,346.1
2006695,346.5
2006696,347.0
2006697,347.0
2006704,347.0
2006716,347.0
2006727,347.0
2006728,347.0
2006733,347.0
2006742,347.0
2006746,347.1
2006755,347.15
2006759,347.9
2006760,348.0
2006765,348.0
2006766,348.0
2006767,348.0
2006784,348.0
2006785,348.1
2006790,348.1
2006803,348.15
2006804,348.3
2006810,348.4
2006811,348.4
2006821,348.5
2006827,348.5
2006847,348.5
2006849,348.6
2006854,349.0
2006856,349.0
2006857,349.0
2006858,349.0
2006907,349.0
2006933,349.0
2006934,349.0
2006937,349.0
2006944,349.0
2006950,349.0
2006951,349.0
2006958,349.0
2006980,349.0
2007002,349.0
2007067,349.0
2007075,349.0
2007076,349.0
2007077,349.0
2007094,349.0
2007152,349.0
2007177,349.0
2007181,349.0
2007183,349.0
2007205,349.1
2007212,349.2
2007213,349.2
2007214,349.5
2007215,349.6
2007216,349.6
2007246,349.9
2007247,350.0
2007253,350.0
2007287,350.0
2007297,350.0
2007304,350.0
2007307,350.0
2007316,350.0
2007317,350.0
2007351,350.0
2007352,350.0
2007357,350.0
2007384,350.0
2007385,350.0
2007421,350.0
2007440,350.15
2007456,350.15
2007458,350.15
2007462,350.4
2007464,350.5
2007491,350.6
2007518,350.9
2007539,351.0
2007551,351.0
2007552,351.0
2007579,351.0
2007590,351.0
2007591,351.1
2007623,351.15
2007625,351.15
2007637,351.15
2007652,351.5
2007653,351.5
2007671,351.6
2007672,351.6
2007712,352.0
2007717,352.0
2007751,352.0
2007784,352.0
2007785,352.0
2007797,352.1
2007806,352.1
2007811,352.1
2007816,352.1
2007827,352.5
2007873,352.6
2007903,352.9
2007904,353.0
2007918,353.0
2007948,353.0
2007968,353.0
2007969,353.0
2007970,353.0
2007971,353.0
2007994,353.0
2007997,353.0
2007998,353.0
2008011,353.15
2008012,353.15
2008035,353.15
2008036,353.5
2008037,353.5
2008038,353.5
2008063,353.5
2008073,353.5
2008082,353.5
2008083,353.5
2008086,353.5
2008119,353.6
2008128,353.6
2008135,353.8
2008138,354.0
2008185,354.0
2008187,354.0
2008196,354.1
2008211,354.1
2008220,354.1
2008250,354.5
2008267,354.5
2008284,354.5
2008292,354.5
2008293,354.5
2008303,354.6
2008304,354.9
2008321,355.0
2008333,355.0
2008344,355.0
2008347,355.0
2008444,355.0
2008449,355.0
2008450,355.15
2008460,355.2
2008463,355.4
2008470,355.4
2008471,355.5
2008532,355.5
2008533,355.5
2008535,355.5
2008552,355.6
2008586,355.6
2008589,355.6
2008710,355.65
2008723,356.0
2008729,356.0
2008780,356.0
2008837,356.0
2008838,356.0
2008855,356.0
2008891,356.0
2008960,356.1
2008961,356.1
2009025,356.1
2009052,356.15
2009082,356.25
2009085,356.5
2009175,356.7
2009176,357.0
2009206,357.0
2009207,357.0
2009211,357.0
2009216,357.0
2009250,357.0
2009374,357.0
2009418,357.0
2009431,357.1
2009437,357.5
2009438,357.5
2009463,357.6
2009496,357.8
2009525,358.0
2009597,358.0
2009598,358.0
2009599,358.0
2009675,358.0
2009712,358.0
2009713,358.0
2009718,358.0
2009719,358.0
2009735,358.0
2009742,358.0
2009758,358.1
2009759,358.15
2009919,358.15
2009920,358.5
2009923,358.5
2009928,358.5
2009945,358.6
2009984,358.6
2009993,358.8
2010010,358.9
2010031,358.9
2010032,359.0
2010045,359.15
2010062,359.15
2010147,359.5
2010162,360.0
2010196,360.0
2010197,360.0
2010272,360.0
2010338,360.0
2010341,360.0
2010350,360.1
2010352,360.15
2010407,360.15
2010409,360.3
2010410,360.5
2010417,360.5
2010424,360.9
2010458,361.0
2010459,361.0
2010460,361.0
2010471,361.0
2010476,361.0
2010477,361.0
2010497,361.1
2010498,361.1
2010500,361.5
2010503,361.5
2010582,361.5
2010584,361.9
2010592,362.0
2010614,362.0
2010644,362.0
2010660,362.0
2010722,362.0
2010729,362.0
2010756,362.0
2010759,362.0
2010786,362.1
2010810,362.15
2010852,362.15
2010873,362.15
2010941,362.5
2010970,362.55
2010976,362.55
2011012,362.55
2011013,362.55
2011015,362.55
2011016,362.55
2011037,362.55
2011044,362.55
2011045,362.55
2011052,362.55
2011070,362.6
2011076,362.6
2011132,362.6
2011135,362.85
2011189,362.85
2011190,362.85
2011191,362.97
2011192,363.0
2011193,363.0
2011208,363.0
2011218,363.0
2011226,363.0
2011254,363.0
2011306,363.0
2011363,363.0
2011364,363.0
2011365,363.0
2011389,363.0
2011400,363.0
2011445,363.0
2011454,363.0
2011459,363.0
2011460,363.0
2011472,363.15
2011508,363.15
2011523,363.35
2011524,363.35
2011525,363.5
2011526,363.5
2011531,363.5
2011532,363.5
2011533,363.5
2011535,363.6
2011537,364.0
2011557,364.0
2011558,364.0
2011559,364.0
2011560,364.0
2011584,364.0
2011585,364.0
2011617,364.0
2011620,364.0
2011624,364.0
2011648,364.0
2011650,364.0
2011653,364.1
2011657,364.13
2011658,364.5
2011670,364.6
2011672,364.6
2011680,365.0
2011706,365.0
2011709,365.0
2011712,365.0
2011741,365.0
2011755,365.15
2011759,365.4
2011840,365.5
2011879,365.5
2011881,365.6
2011898,366.0
2012038,366.0
2012076,366.0
2012084,366.0
2012085,366.0
2012104,366.0
2012105,366.0
2012106,366.0
2012128,366.0
2012186,366.0
2012197,366.0
2012198,366.0
2012228,366.0
2012245,366.0
2012267,366.0
2012268,366.0
2012355,366.0
2012381,366.0
2012384,366.0
2012423,366.0
2012427,366.0
2012437,366.0
2012462,366.0
2012466,366.0
2012499,366.0
2012515,366.0
2012516,366.0
2012522,366.1
2012536,366.15
2012576,366.4
2012584,366.4
2012602,366.5
2012650,366.5
2012677,366.5
2012730,366.6
2012731,366.6
2012746,367.0
2012758,367.0
2012759,367.0
2012866,367.0
2012867,367.0
2012891,367.0
2012894,367.0
2012897,367.0
2012898,367.0
2012972,367.0
2013021,367.0
2013022,367.0
2013023,367.0
2013049,367.0
2013113,367.0
2013123,367.0
2013193,367.0
2013221,367.15
2013222,367.5
2013234,367.5
2013252,367.6
2013255,368.0
2013264,368.0
2013265,368.0
2013266,368.0
2013267,368.0
2013322,368.0
2013323,368.0
2013330,368.0
2013331,368.1
2013345,368.1
2013347,368.15
2013375,368.2
2013376,368.5
2013438,369.0
2013447,369.0
2013472,369.0
2013474,369.0
2013542,369.0
2013588,369.0
2013622,369.0
2013623,369.1
2013624,369.15
2013759,369.5
2013769,369.6
2013770,369.6
2013771,370.0
2013776,370.0
2013938,370.0
2013973,370.0
2013992,370.0
2014027,370.0
2014042,370.0
2014082,370.0
2014123,370.0
2014124,370.0
2014125,370.0
2014135,370.0
2014222,370.1
2014223,370.1
2014255,370.1
2014256,370.15
2014333,370.15
2014360,370.2
2014361,370.5
2014366,370.5
2014479,370.5
2014575,370.5
2014679,370.5
2014691,370.5
2014692,370.5
2014807,370.5
2014837,370.5
2014845,370.5
2014846,370.5
2014847,371.0
2014854,371.0
2014927,371.0
2014933,371.0
2014973,371.0
2014979,371.0
2014980,371.0
2015011,371.0
2015019,371.0
2015020,371.1
2015094,371.15
2015162,371.15
2015289,371.15
2015306,371.22
2015307,371.5
2015308,371.5
2015332,371.5
2015333,371.9
2015339,372.0
2015385,372.0
2015484,372.0
2015502,372.0
2015644,372.0
2015645,372.0
2015783,372.0
2015818,372.0
2015884,372.0
2015903,372.0
2015940,372.0
2015953,372.0
2016262,372.0
2016312,372.0
2016313,372.0
2016314,372.0
2016504,372.15
2016526,372.5
2016527,372.5
2016548,372.5
2016549,372.5
2016550,372.6
2016551,372.6
2016552,372.6
2016623,372.6
2016630,372.9
2016691,373.0
2016702,373.0
2016727,373.0
2016736,373.0
2016737,373.0
2016796,373.0
2016797,373.0
2016798,373.0
2016890,373.0
2016907,373.0
2017140,373.0
2017398,373.0
2017399,373.0
2017400,373.0
2017432,373.0
2017433,373.0
2017445,373.0
2017705,373.0
2017706,373.0
2017720,373.1
2017826,373.1
2018006,373.15
2018007,373.15
2018016,373.15
2018237,373.15
2018351,373.15
2018352,373.5
2018353,373.5
2018573,373.5
2018810,373.5
2018811,373.55
2018826,373.6
2019205,373.8
2019206,374.0
2019207,374.0
2019208,374.0
2019332,374.0
2019333,374.0
2019334,374.0
2019352,374.0
2019507,374.0
2020036,374.0
2020574,374.15
2020840,374.325
2020841,374.5
2020899,374.5
2021009,374.5
2021010,374.5
2021011,374.5
2021146,374.5
2021304,374.6
2021305,374.7
2021362,375.0
2021363,375.0
2021364,375.0
2021365,375.0
2021366,375.0
2021515,375.0
2021516,375.0
2021596,375.0
2021597,375.0
2021598,375.1
2021599,375.5
2021600,375.5
2021601,375.5
2021602,375.5
2021603,375.5
2021604,375.5
2021605,375.6
2021606,376.0
2021607,376.0
2021608,376.0
2021609,376.0
2021872,376.0
2022003,376.0
2100014,376.0
2100015,376.0
2100166,376.0
2100236,376.1
2100267,376.1
2100268,376.1
2100269,376.15
2100285,376.5
2100286,376.5
2100311,376.5
2100340,376.5
2100341,376.6
2100342,377.0
2100343,377.0
2100344,377.0
2100345,377.1
2100346,377.1
2100347,377.1
2100385,377.15
2100386,377.15
2100387,377.4
2100431,377.4
2100432,377.4
2100433,377.52
2100459,377.6
2100479,377.6
2100480,377.6
2100481,377.6
2100482,377.6
2100562,378.0
2100603,378.0
2100662,378.0
2100663,378.0
2100664,378.0
2100665,378.0
2100666,378.0
2100667,378.0
2100668,378.0
2100669,378.0
2100670,378.1
2100671,378.1
2100672,378.15
2100673,378.15
2100676,378.15
2100677,378.15
2100678,378.15
2100697,378.5
2100698,378.5
2100700,378.5
2100707,378.5
2100708,378.5
2100709,379.0
2100710,379.0
2100711,379.0
2100712,379.0
2100713,379.0
2101376,379.0
2101531,379.0
2101532,379.0
2101533,379.0
2101534,379.0
2101553,379.0
2101554,379.0
2101555,379.1
2101614,379.1
2101615,379.1
2101650,379.5
2101875,379.5
2101914,379.5
2101915,380.0
2101952,380.0
2101953,380.0
2102013,380.0
2102014,380.0
2102015,380.0
2102016,380.15
2102075,380.2
2102076,380.5
2102077,380.5
2102078,380.6
2102079,380.6
2102093,381.0
2102094,381.0
2102095,381.0
2102175,381.0
2102176,381.0
2102177,381.0
2102178,381.0
2102179,381.0
2102180,381.0
2102181,381.0
2102182,381.0
2102198,381.5
2102199,381.5
2102222,381.5
2102541,381.5
2102584,381.5
2102585,381.6
2102586,381.6
2102587,381.6
2102588,381.6
2102589,382.0
2102590,382.0
2102591,382.0
2102592,382.0
2102593,382.0
2102594,382.0
2102595,382.0
2102596,382.1
2102597,382.1
2102598,382.15
2102599,382.15
2102600,382.5
2102601,382.5
2102602,382.5
2102603,382.5
2102604,382.5
2102605,382.5
2102606,382.5
2102607,383.0
2102608,383.0
2102609,383.0
2102610,383.0
2102611,383.0
2102612,383.0
2102613,383.0
2102676,383.0
2102677,383.0
2102678,383.0
2102736,383.0
2102737,383.0
2102808,383.0
2102959,383.0
2102960,383.0
2102961,383.0
2102962,383.0
2102964,383.0
2102965,383.1
2102966,383.15
2102967,383.15
2103117,383.15
2103118,383.15
2103241,383.2
2103242,383.4
2103246,383.5
2103247,384.0
2103249,384.0
2103250,384.0
2103251,384.0
2103252,384.0
2103253,384.0
2103254,384.0
2103302,384.0
2103303,384.0
2103472,384.0
2103641,384.0
2103694,384.0
2103695,384.1
2103696,384.1
2103697,384.5
2103698,384.5
2103699,384.6
2103700,384.6
2103727,385.0
2103728,385.0
2103827,385.0
2103919,385.0
2103920,385.0
2103922,385.0
2103961,385.0
2103998,385.15
2103999,385.15
2104000,385.15
2104001,385.15
2104002,385.5
2104003,385.5
2104004,385.5
2104005,385.5
2104006,385.6
2104007,386.0
2104172,386.0
2104221,386.0
2104222,386.0
2104353,386.0
2104354,386.0
2104355,386.0
2104356,386.0
2104543,386.0
2104547,386.0
2104558,386.0
2104585,386.0
2104590,386.1
2104619,386.5
2104690,386.5
2105093,386.5
2105094,386.6
2105095,386.6
2105096,387.0
2105097,387.0
2105098,387.0
2105099,387.0
2105100,387.0
2105101,387.0
2105102,387.0
2105103,387.0
2105533,387.0
2105534,387.0
2105535,387.0
2105536,387.0
2105537,387.0
2105538,387.0
2105540,387.0
2105541,387.0
2105542,387.0
2105574,387.1
2105677,387.5
2105678,387.5
2105679,387.5
2105708,387.5
2105709,387.5
2105710,387.6
2105711,387.6
2105713,387.7
2105714,387.75
2105858,387.8
2105859,387.8
2105860,387.95
2105861,388.0
2105862,388.0
2105863,388.0
2105865,388.0
2105866,388.0
2105867,388.0
2105868,388.0
2105869,388.0
2105989,388.0
2105990,388.0
2108382,388.0
2108400,388.15
2108650,388.3
2108651,388.4
2108731,388.5
2108732,388.5
2200022,388.5
2200027,388.5
2200028,388.5
2200032,388.5
2200046,388.6
2200047,388.6
2200060,388.6
2200071,388.6
2200079,389.0
2200080,389.0
2200081,389.0
2200082,389.0
2200094,389.0
2200095,389.0
2200096,389.0
2200098,389.0
2200102,389.0
2200106,389.1
2200116,389.1
2200122,389.15
2200132,389.5
2200144,389.5
2200149,389.5
2200200,389.5
2200223,389.6
2200234,390.0
2200263,390.0
2200266,390.0
2200271,390.0
2200289,390.0
2200299,390.0
2200302,390.0
2200317,390.0
2200340,390.0
2200358,390.0
2200431,390.0
2200451,390.0
2200460,390.0
2200463,390.0
2200530,390.0
2200537,390.4
2200562,390.5
2200580,390.5
2200598,390.5
2200599,390.5
2200601,390.6
2200617,390.6
2200624,390.6
2200629,391.0
2200630,391.0
2200641,391.0
2200646,391.0
2200648,391.0
2200661,391.0
2200662,391.0
2200674,391.0
2200682,391.0
2200694,391.0
2200702,391.0
2200704,391.0
2200706,391.0
2200717,391.0
2200723,391.0
2200727,391.0
2200728,391.0
2200737,391.0
2200758,391.1
2200766,391.5
2200768,391.5
2200800,391.5
2200807,391.5
2200809,391.5
2200820,391.6
2200832,391.6
2200844,391.6
2200850,391.6
2200851,391.8
2200853,392.0
2200862,392.0
2200863,392.0
2200864,392.0
2200867,392.0
2200877,392.1
2200892,392.1
2200894,392.1
2200904,392.1
2200906,392.3
2200907,392.5
2200915,392.5
2200919,392.5
2200920,392.5
2200921,393.0
2200925,393.0
2200931,393.0
2200933,393.0
2200951,393.0
2200974,393.0
2200977,393.0
2201019,393.0
2201031,393.0
2201034,393.0
2201039,393.0
2201058,393.0
2201063,393.0
2201069,393.0
2201078,393.0
2201082,393.0
2201085,393.0
2201096,393.0
2201097,393.0
2201099,393.0
2201100,393.0
2201102,393.0
2201106,393.0
2201109,393.0
2201110,393.15
2201126,393.15
2201154,393.15
2201168,393.15
2201185,393.15
2201193,393.15
2201206,393.15
2201226,393.15
2201240,393.15
2201278,393.15
2201298,393.15
2201302,393.5
2201329,393.5
2201339,393.5
2201343,393.5
2201344,393.5
2201348,393.6
2201359,393.6
2201385,393.85
2201414,394.0
2201445,394.0
2201450,394.0
2201467,394.0
2201470,394.0
2201471,394.0
2201534,394.0
2201563,394.0
2201564,394.0
2201565,394.0
2201568,394.0
2201598,394.0
2201606,394.0
2201608,394.0
2201614,394.0
2201634,394.1
2201646,394.1
2201669,394.1
2201675,394.15
2201682,394.15
2201693,394.15
2201701,394.15
2201715,394.25
2201721,394.25
2201732,394.25
2201748,394.5
2201750,394.5
2201829,394.5
2201834,394.5
2201841,394.5
2201850,394.5
2201868,394.6
2201883,394.95
2201887,394.95
2201889,395.0
2201890,395.0
2201891,395.0
2201896,395.0
2201897,395.0
2201898,395.0
2201900,395.0
2201914,395.0
2201919,395.0
2201935,395.0
2201939,395.0
2201952,395.0
2201953,395.0
2201956,395.0
2201958,395.1
2201964,395.1
2201969,395.1
2201973,395.1
2201989,395.1
2201994,395.1
2201996,395.1
2202001,395.1
2202009,395.1
2202013,395.1
2202018,395.1
2202021,395.15
2202053,395.5
2202055,395.5
2202110,395.5
2202151,395.5
2202156,395.6
2202194,395.9
2202220,396.0
2202247,396.0
2202262,396.0
2202263,396.0
2202447,396.0
2202458,396.0
2202463,396.0
2202464,396.0
2202468,396.0
2202469,396.0
2202476,396.1
2202477,396.1
2202484,396.1
2202502,396.15
2202510,396.15
2202517,396.15
2202518,396.15
2202519,396.5
2202523,396.5
2202524,396.5
2202528,396.5
2202529,396.5
2202531,396.6
2202555,396.6
2202598,397.0
2202632,397.0
2202634,397.0
2202635,397.0
2202639,397.0
2202713,397.0
2202750,397.0
2202786,397.0
2202791,397.0
2202815,397.0
2202829,397.0
2202901,397.0
2202927,397.0
2202953,397.0
2202962,397.0
2203004,397.0
2203064,397.0
2203097,397.09
2203113,397.1
2203160,397.15
2203168,397.15
2203178,397.15
2203186,397.15
2203207,397.35
2203214,397.5
2203256,397.5
2203294,397.5
2203297,397.5
2203306,397.5
2203327,397.6
2203328,397.8
2203344,398.0
2203349,398.0
2203368,398.0
2203383,398.0
2203416,398.0
2203428,398.0
2203483,398.0
2203493,398.0
2203500,398.0
2203511,398.0
2203600,398.0
2203626,398.0
2203638,398.0
2203725,398.0
2203734,398.0
2203770,398.0
2203830,398.0
2203878,398.0
2203904,398.0
2203905,398.0
2203918,398.0
2203920,398.0
2203923,398.0
2203951,398.0
2204025,398.0
2204038,398.0
2204047,398.0
2204049,398.0
2204058,398.1
2204101,398.1
2204113,398.1
2204208,398.1
2204216,398.4
2204219,398.5
2204224,398.5
2204295,398.5
2204361,398.6
2204380,398.8
2204389,398.8
2204390,399.0
2204428,399.0
2204488,399.0
2204544,399.0
2204549,399.0
2204584,399.0
2204588,399.0
2204603,399.0
2204682,399.0
2204714,399.0
2204761,399.0
2204787,399.0
2204799,399.0
2204810,399.0
2204882,399.0
2204920,399.0
2204988,399.0
2204996,399.0
2205114,399.15
2205200,399.15
2205214,399.5
2205215,399.5
2205254,399.5
2205256,399.5
2205305,399.5
2205306,399.5
2205395,399.5
2205511,399.5
2205528,399.6
2205555,400.0
2205569,400.0
2205587,400.0
2205588,400.0
2205661,400.0
2205663,400.0
2205665,400.0
2205666,400.0
2205707,400.0
2205728,400.0
2205731,400.0
2205732,400.0
2205735,400.0
2205742,400.0
2205750,400.0
2205760,400.0
2205782,400.0
2205829,400.0
2205964,400.0
2205991,400.0
2206068,400.0
2206072,400.0
2206147,400.0
2206148,400.0
2206181,400.0
2206213,400.0
2206229,400.0
2206293,400.0
2206301,400.0
2206373,400.0
2206410,400.0
2206417,400.0
2206461,400.0
2206486,400.0
2206542,400.0
2206546,400.0
2206582,400.1
2206583,400.1
2206599,400.15
2206662,400.15
2206667,400.15
2206670,400.5
2206783,400.5
2206820,400.5
2206876,400.5
2206903,400.6
2206906,400.6
2206907,401.0
2206914,401.0
2206920,401.0
2207003,401.0
2207055,401.0
2207088,401.0
2207173,401.0
2207175,401.0
2207256,401.0
2207301,401.0
2207309,401.0
2207330,401.0
2207357,401.0
2207390,401.0
2207418,401.0
2207543,401.0
2207610,401.0
2207615,401.0
2207619,401.0
2207653,401.0
2207785,401.0
2207826,401.0
2207864,401.0
2207869,401.1
2207985,401.1
2208021,401.15
2208057,401.15
2208058,401.15
2208065,401.15
2208091,401.15
2208106,401.35
2208198,401.5
2208408,401.5
2208430,401.5
2208453,401.5
2208464,401.5
2208512,401.6
2208513,401.6
2208541,401.7
2208558,402.0
2208565,402.0
2208584,402.0
2208585,402.0
2208586,402.0
2208608,402.1
2208682,402.15
2208717,402.15
2208821,402.3
2208846,402.5
2208879,402.5
2208882,402.5
2208897,402.5
2208940,402.5
2209014,402.5
2209089,402.5
2209120,402.5
2209123,402.6
2209160,402.8
2209165,402.9
2209249,403.0
2209331,403.0
2209361,403.0
2209438,403.0
2209446,403.0
2209570,403.0
2209634,403.0
2209638,403.0
2209690,403.0
2209732,403.0
2209756,403.0
2209837,403.0
2209917,403.0
2209946,403.0
2209997,403.0
2210004,403.0
2210013,403.0
2210017,403.1
2210029,403.1
2210034,403.1
2210041,403.15
2210104,403.15
2210143,403.5
2210180,403.5
2210234,403.5
2210290,403.5
2210410,403.5
2210420,403.5
2210422,403.8
2210431,403.8
2210446,403.9
2210491,403.95
2210618,403.95
2210824,404.0
2210882,404.0
2210893,404.0
2210897,404.0
2210918,404.0
2211041,404.0
2211054,404.0
2211056,404.0
2211065,404.0
2211094,404.1
2211097,404.1
2211168,404.1
2211176,404.15
2211198,404.5
2211204,404.5
2211324,404.5
2211329,404.5
2211392,404.6
2211431,404.6
2211434,404.6
2211461,405.0
2211578,405.0
2211635,405.0
2211647,405.0
2211671,405.0
2211681,405.0
2211786,405.0
2211807,405.0
2211923,405.0
2211936,405.0
2211945,405.0
2211969,405.0
2211970,405.0
2212063,405.1
2212098,405.15
2212234,405.15
2212278,405.5
2212281,405.5
2212353,405.5
2212359,405.5
2212422,405.5
2212428,405.5
2212440,405.5
2212485,405.6
2212487,405.6
2212489,406.0
2212504,406.0
2212602,406.0
2212741,406.0
2212750,406.0
2212785,406.0
2212870,406.0
2212927,406.0
2212929,406.0
2213028,406.0
2213057,406.0
2213278,406.0
2213310,406.0
2213339,406.0
2213375,406.0
2213392,406.0
2213442,406.0
2213513,406.0
2213536,406.0
2213645,406.0
2213690,406.0
2213710,406.0
2213823,406.0
2213972,406.0
2214007,406.0
2214042,406.0
2214167,406.0
2214228,406.1
2214304,406.1
2214305,406.5
2214428,406.6
2214729,406.6
2214730,406.8
2214794,407.0
2214989,407.0
2214992,407.0
2215367,407.0
2215381,407.0
2215390,407.0
2215531,407.0
2215591,407.0
2215609,407.0
2215627,407.0
2215653,407.0
2215669,407.0
2215695,407.0
2215754,407.0
2215795,407.0
2215855,407.0
2215856,407.0
2216008,407.0
2216060,407.0
2216127,407.0
2216176,407.0
2216179,407.1
2216197,407.45
2216200,407.5
2216212,407.5
2216273,407.5
2216294,407.5
2216337,407.5
2216338,407.5
2216431,407.6
2216452,407.6
2216614,407.8
2216743,408.0
2216775,408.0
2216815,408.0
2216829,408.0
2216834,408.0
2216838,408.0
2216845,408.0
2216933,408.0
2217030,408.0
2217071,408.0
2217125,408.0
2217194,408.0
2217269,408.0
2217279,408.0
2217328,408.0
2217360,408.0
2217595,408.15
2217620,408.15
2217639,408.15
2217659,408.15
2217693,408.15
2217787,408.15
2217801,408.17
2217907,408.5
2217948,408.5
2217990,408.5
2218025,408.5
2218273,408.6
2218424,408.6
2218458,408.6
2218570,408.8
2218585,408.85
2218699,408.85
2218743,409.0
2219036,409.0
2219282,409.0
2219350,409.0
2219635,409.0
2219693,409.0
2219723,409.0
2219868,409.0
2219903,409.0
2220055,409.0
2220225,409.0
2220327,409.0
2220617,409.0
2220644,409.0
2220684,409.0
2220784,409.1
2220884,409.5
2220903,409.5
2221098,409.5
2221311,409.5
2221575,409.5
2221718,409.5
2221756,409.6
2221911,409.6
2221996,409.8
2221997,409.9
2222513,410.0
2222668,410.0
2222951,410.0
2222977,410.0
2223037,410.0
2223095,410.0
2223098,410.0
2223102,410.0
2223129,410.0
2223429,410.0
2223446,410.0
2223515,410.1
2223638,410.1
2224245,410.1
2224475,410.15
2224553,410.15
2224630,410.32
2224643,410.4
2224768,410.5
2224839,410.5
2224887,410.6
2225217,410.9
2225291,411.0
2225314,411.0
2225376,411.0
2225432,411.0
2226088,411.0
2226204,411.0
2226496,411.0
2226506,411.0
2226530,411.0
2226577,411.0
2226800,411.0
2226803,411.0
2226804,411.0
2226911,411.15
2226995,411.5
2227142,411.5
2227176,411.5
2227401,411.5
2227431,411.6
2227736,411.6
2227981,411.6
2228219,411.9
2228227,412.0
2228252,412.0
2228274,412.0
2228315,412.0
2228448,412.0
2228659,412.0
2228825,412.0
2229992,412.0
2230044,412.0
2230077,412.0
2230522,412.0
2230623,412.0
2230733,412.0
2230746,412.0
2230807,412.0
2231297,412.0
2231304,412.0
2231307,412.0
2231343,412.0
2231776,412.0
2232060,412.1
2232265,412.1
2232472,412.1
2232531,412.1
2233041,412.15
2233943,412.3
2234029,412.5
2234265,412.5
2234477,412.5
2234694,412.5
2235005,412.5
2235040,412.6
2235261,412.6
2235806,412.6
2235807,412.6
2235808,412.7
2236018,412.8
2236080,413.0
2236112,413.0
2236168,413.0
2236223,413.0
2236314,413.0
2236320,413.0
2236527,413.0
2236573,413.0
2236787,413.0
2236882,413.0
2236905,413.0
2237023,413.0
2237381,413.0
2237413,413.0
2237472,413.0
2237486,413.0
2237742,413.0
2238115,413.0
2238167,413.0
2238348,413.0
2238439,413.1
2238463,413.1
2238479,413.1
2238594,413.15
2238608,413.15
2238851,413.15
2238965,413.15
2239050,413.15
2239384,413.2
2239437,413.5
2239524,413.5
2239580,413.5
2239806,413.5
2239807,413.5
2240234,413.5
2240807,413.5
2240849,413.6
2240864,414.0
2240907,414.0
2240975,414.0
2241117,414.0
2241136,414.0
2241303,414.0
2241635,414.0
2241668,414.0
2241778,414.0
2241935,414.0
2241937,414.0
2241969,414.0
2242124,414.0
2242217,414.1
2242556,414.15
2242621,414.2
2242622,414.2
2242628,414.5
2242733,414.5
2242734,414.5
2242976,414.6
2243152,414.6
2243205,415.0
2243206,415.0
2243207,415.0
2243621,415.0
2243916,415.0
2243917,415.0
2244002,415.0
2244126,415.0
2300100,415.0
2300260,415.0
2300261,415.0
2300678,415.0
2310003,415.0
2310004,415.0
2310005,415.0
2311438,415.0
2311441,415.0
2311622,415.0
2311690,415.0
2311692,415.1
3000009,415.15
3500017,415.15
4000097,415.15
4000101,415.15
4000102,415.15
4000103,415.5
4000145,415.5
4000146,415.6
4000147,415.6
4000148,415.6
4000332,415.6
4000333,416.0
4000348,416.0
4000471,416.0
4000482,416.0
4000483,416.0
4000554,416.0
4000664,416.0
4000665,416.0
4000666,416.0
4000681,416.0
4000965,416.0
4000966,416.0
4000967,416.0
4001392,416.0
4001541,416.1
4001581,416.1
4002016,416.15
4002017,416.15
4002018,416.5
4002019,416.5
4002020,416.5
4002956,416.5
4020031,416.5
4020081,416.5
4020086,416.5
4020087,416.5
4020091,416.6
4020105,416.8
4020176,416.9
4020198,417.0
4020208,417.0
4020223,417.0
4020307,417.0
4020388,417.0
4020419,417.0
4020462,417.0
4020463,417.0
4020464,417.0
4020465,417.0
4020572,417.0
4020578,417.0
4020609,417.0
4020610,417.0
4020611,417.0
4020612,417.0
4020630,417.0
4020631,417.0
4020632,417.0
4020633,417.1
4020634,417.1
4020635,417.1
4020636,417.15
4020733,417.15
4020745,417.5
4020751,417.5
4020752,417.5
4020759,417.5
4020760,417.5
4020776,418.0
4020812,418.0
4020907,418.0
4020908,418.0
4020909,418.0
4020982,418.0
4021046,418.0
4021090,418.0
4021091,418.0
4021119,418.0
4021120,418.0
4021121,418.0
4021122,418.0
4021123,418.0
4021124,418.0
4021134,418.0
4021202,418.0
4021203,418.0
4021248,418.0
4021250,418.0
4021253,418.0
4021339,418.0
4021340,418.0
4021410,418.05
4021411,418.1
4021412,418.5
4021413,418.5
4021425,418.5
4021483,418.5
4021489,418.6
4021547,418.7
4021548,418.8
4021653,419.0
4021654,419.0
4021656,419.0
4021657,419.0
4021660,419.0
4021661,419.0
4021723,419.0
4021742,419.0
4021743,419.0
4021750,419.0
4021765,419.0
4021766,419.0
4021871,419.0
4021873,419.0
4021941,419.0
4021953,419.0
4021969,419.0
4021975,419.0
4022038,419.0
4022044,419.0
4022045,419.0
4022049,419.0
4022050,419.0
4022171,419.0
4022172,419.0
4022173,419.0
4022174,419.0
4022212,419.0
4022213,419.0
4022214,419.0
4022266,419.1
4022267,419.15
4022346,419.5
4022377,419.5
4022378,419.5
4022408,419.5
4022411,419.5
4022412,419.5
4022414,419.5
4022415,419.5
4022416,419.5
4022417,419.5
4022443,419.5
4022445,419.5
4022448,419.5
4022450,419.6
4022477,420.0
4022484,420.0
4022503,420.0
4022504,420.0
4022505,420.0
4022506,420.0
4022508,420.0
4022509,420.0
4022535,420.0
4022553,420.0
4022554,420.0
4022555,420.0
4022565,420.0
4022566,420.1
4022580,420.1
4022609,420.1
4022610,420.1
4022611,420.15
4022630,420.15
4022631,420.15
4022722,420.15
4022737,420.15
4022748,420.15
4022749,420.5
4022750,420.5
4022755,420.5
4022756,420.6
4022757,421.0
4022779,421.0
4022780,421.0
4022781,421.0
4022782,421.0
4022783,421.0
4022784,421.0
4022785,421.0
4022786,421.0
4022787,421.0
4022788,421.0
4022789,421.0
4022790,421.0
4022791,421.0
4022951,421.0
4022955,421.1
4023196,421.1
4023217,421.1
4023218,421.15
4023318,421.15
4023344,421.15
4023345,421.15
4023408,421.15
4023820,421.15
4023898,421.25
4024005,421.5
4024006,421.5
4024010,421.5
4024011,421.6
4024012,421.6
4024013,421.6
4024014,421.8
4024015,421.9
4024016,422.0
4024017,422.0
4024018,422.0
4024019,422.0
4024020,422.0
4024021,422.0
4024051,422.0
4024052,422.0
4024089,422.0
4024090,422.0
4024410,422.0
4024516,422.0
4024659,422.0
4024673,422.0
4024795,422.0
4024847,422.0
4025021,422.0
4025022,422.0
4025059,422.1
4025162,422.1
4025191,422.1
4025192,422.15
4025301,422.3
4025302,422.5
4025368,422.5
4025369,422.5
4025446,422.5
4025556,422.6
4025557,422.6
4025558,422.6
4025566,422.8
4025567,423.0
4025568,423.0
4025569,423.0
4025570,423.0
4025571,423.0
4025572,423.0
4025587,423.0
4025588,423.0
4025589,423.0
4025590,423.0
4025591,423.0
4025596,423.0
4025597,423.0
4025598,423.0
4025616,423.0
4025617,423.0
4025619,423.0
4025751,423.0
4025791,423.0
4025792,423.0
4025793,423.0
4025865,423.0
4025866,423.0
4025992,423.15
4025993,423.15
4026263,423.15
4026398,423.15
4026484,423.15
4026533,423.5
4026543,423.6
4026760,423.6
4026864,423.6
4027002,423.7
4027850,423.7
4028895,424.0
4028904,424.0
4028906,424.0
4028907,424.0
4028908,424.0
4028914,424.0
4028916,424.0
4028920,424.0
4028921,424.0
4028922,424.0
4028955,424.0
4029066,424.0
4029067,424.0
4029068,424.0
4029069,424.0
4029070,424.0
4029071,424.1
4029072,424.1
4029073,424.2
4029204,424.2
4029313,424.2
4029384,424.5
4029385,424.5
4029386,424.5
4029387,424.5
4029388,424.5
4029389,425.0
4029390,425.0
4029391,425.0
4029392,425.0
4029393,425.0
4029394,425.0
4029395,425.0
4029396,425.0
4029397,425.0
4029398,425.0
4029399,425.0
4029400,425.0
4029401,425.0
4029402,425.0
4029403,425.0
4029404,425.0
4029405,425.0
4029406,425.0
4029407,425.0
4029408,425.0
4029409,425.0
4029410,425.0
4029411,425.0
4029412,425.1
4029413,425.15
4029414,425.15
4029415,425.15
4029416,425.15
4029417,425.15
4029555,425.5
4029561,425.5
4029562,425.6
4029695,425.6
4029764,425.6
4029857,425.9
4030096,426.0
4030097,426.0
4030325,426.0
4030550,426.0
4030551,426.0
4030552,426.0
4030553,426.0
4030580,426.0
4030959,426.0
4030960,426.0
4031025,426.0
4031026,426.0
4031533,426.0
4031534,426.0
4032070,426.0
4032071,426.0
4032073,426.1
4032156,426.1
4032201,426.15
4032233,426.5
4032566,426.5
4032567,426.5
4032568,426.5
4032569,426.6
4032571,427.0
4032572,427.0
4032573,427.0
4032600,427.0
4032602,427.0
4032682,427.0
4033048,427.0
4033049,427.0
4033262,427.0
4033305,427.0
4033306,427.0
4033593,427.0
4033616,427.0
4033617,427.0
4033618,427.0
4033799,427.0
4034061,427.45
4034636,427.5
4034637,427.5
4034682,427.5
4034731,427.5
4034732,427.5
4034733,427.5
4034734,427.6
4034735,427.6
4034736,427.6
4034834,428.0
4034987,428.0
4034989,428.0
4034990,428.0
4034991,428.0
4035164,428.0
4035502,428.0
4035636,428.0
4036162,428.0
4036280,428.0
4036281,428.0
4036492,428.0
4036494,428.0
4036513,428.0
4036551,428.0
4036552,428.0
4036553,428.1
4036554,428.1
4036678,428.15
4036977,428.15
4037004,428.15
4037005,428.4
4037006,428.5
4037007,428.5
4037045,428.5
4037046,428.5
4037047,428.5
4037048,428.6
4037054,428.7
4037105,428.85
4037237,429.0
4037584,429.0
4037606,429.0
4037633,429.0
4038038,429.0
4038343,429.0
4038344,429.0
4060743,429.0
4060922,429.0
4060923,429.0
4060924,429.0
4060925,429.0
4060926,429.0
4060977,429.0
4060978,429.0
4061369,429.0
4061385,429.0
4061386,429.0
4061451,429.0
4061507,429.0
4061746,429.0
4061940,429.0
4061942,429.0
4062315,429.0
4062565,429.0
4062685,429.0
4062706,429.1
4062707,429.1
4062708,429.15
4062817,429.15
4062842,429.15
4063160,429.15
4063161,429.15
4063162,429.15
4063194,429.15
4063195,429.5
4063196,429.5
4063197,429.5
4063198,429.6
4064885,430.0
4064886,430.0
4064887,430.0
4064888,430.0
4064986,430.0
4066347,430.0
4066704,430.0
4067574,430.0
4068539,430.0
4068544,430.0
4068545,430.0
4068549,430.0
4068551,430.0
4068554,430.0
4068706,430.0
4068707,430.0
4069021,430.1
4069023,430.15
4069024,430.26
4069250,430.5
4069713,430.5
4070186,430.5
4070265,430.5
4070266,430.5
4070267,430.65
4070268,430.9
4070269,431.0
4070270,431.0
4070271,431.0
4070272,431.0
4070273,431.0
4070274,431.0
4070275,431.0
4070751,431.0
4070752,431.0
4070753,431.0
4070754,431.0
4070755,431.0
4071264,431.0
4071265,431.0
4071266,431.05
4071494,431.1
4071495,431.15
4071630,431.15
4072108,431.15
4072488,431.5
4072489,431.5
4072604,431.6
4072605,431.6
4072667,431.6
4072668,431.6
4072669,432.0
4072762,432.0
4072763,432.0
4072764,432.0
4072778,432.0
4072779,432.0
4072898,432.0
4072899,432.0
4072978,432.0
4072980,432.0
4072981,432.0
4073087,432.0
4073088,432.0
4073522,432.0
4073527,432.0
4073593,432.1
4073775,432.1
4073776,432.1
4074085,432.1
4074623,432.15
4074624,432.15
4074625,432.5
4074626,432.5
4074627,432.5
4074879,432.5
4074880,432.5
4074881,432.5
4074882,432.7
4074883,432.8
4074957,433.0
4075220,433.0
4075645,433.0
4075681,433.0
4075682,433.0
4075801,433.0
4075802,433.0
4075803,433.0
4075834,433.0
4075942,433.0
4075943,433.0
4076674,433.0
4076811,433.0
4076822,433.0
4077031,433.0
4077032,433.0
4077033,433.0
4077348,433.0
4077349,433.0
4077350,433.0
4077513,433.0
4077566,433.0
4077567,433.0
4077568,433.0
4077657,433.0
4077658,433.0
4077819,433.0
4077820,433.0
4077821,433.0
4078199,433.0
4078335,433.0
4078353,433.0
4078371,433.0
4078372,433.1
4079426,433.1
4080298,433.1
4080299,433.15
4080300,433.15
4080301,433.15
4080302,433.15
4081208,433.4
4081634,433.5
4082266,433.5
4082267,433.5
4082268,433.5
4082907,433.5
4083397,433.6
4083399,433.6
4083400,433.6
4083488,434.0
4083489,434.0
4083490,434.0
4083491,434.0
4083492,434.0
4083603,434.0
4085944,434.0
4085945,434.0
4085946,434.0
4087968,434.0
4087969,434.0
4087970,434.1
4087971,434.1
4089285,434.1
4089286,434.15
4089429,434.15
4100209,434.15
4100235,434.15
4100368,434.15
4100374,434.15
4100420,434.15
4100421,434.5
4100422,434.5
4100555,434.5
4100556,434.5
4100579,434.5
4100580,434.6
4100877,434.6
4101087,435.0
4101088,435.0
4101089,435.0
4101090,435.0
4101091,435.0
4101490,435.0
4101491,435.0
4101581,435.0
4101721,435.0
4101735,435.0
4101737,435.0
4101771,435.0
4103037,435.0
4103038,435.0
4103997,435.0
4103998,435.0
4103999,435.0
4104578,435.0
4105220,435.0
4107150,435.0
4107595,435.0
4107940,435.0
4109822,435.0
4109833,435.1
4109834,435.1
4110043,435.15
4110044,435.15
4110045,435.5
4110046,435.5
4110047,435.6
4110048,435.6
4110049,435.6
4110963,435.6
4111776,435.65
4111831,435.65
4111832,436.0
4112019,436.0
4112339,436.0
4112340,436.0
4112341,436.0
4112342,436.0
4112343,436.0
4112344,436.0
4112345,436.0
4112346,436.0
4112347,436.0
4112348,436.0
4112349,436.0
4112350,436.0
4114307,436.0
4115394,436.0
4115480,436.1
4115753,436.1
4115754,436.3
4115755,436.5
4115756,436.5
4116139,436.5
4116140,436.5
4116141,436.5
4116142,436.6
4116143,436.6
4116144,437.0
4116145,437.0
4116146,437.0
4116147,437.0
4116148,437.0
4116149,437.0
4116150,437.0
4116151,437.0
4116152,437.0
4116153,437.0
4116154,437.0
4116155,437.0
4116156,437.0
4116819,437.0
4116820,437.1
4116821,437.15
4116822,437.15
4116823,437.15
4116824,437.33
4116825,437.5
4116968,437.5
4117094,437.5
4117100,437.5
4117159,437.5
4117175,437.5
4117176,437.5
4117191,437.5
4117211,437.5
4117212,437.6
4117213,437.6
4117214,438.0
4118078,438.0
4118080,438.0
4118081,438.0
4118082,438.0
4118083,438.0
4119080,438.0
4120495,438.0
4121616,438.0
4121617,438.0
4121884,438.0
4122211,438.0
4122431,438.0
4122592,438.0
4122593,438.0
4123156,438.0
4123224,438.0
4123225,438.0
4123226,438.0
4124616,438.1
4124617,438.1
4124618,438.1
4125534,438.15
4128217,438.15
4128218,438.167
4129405,438.4
4130458,438.5
4130459,438.5
4130460,438.5
4130462,438.5
4133124,438.7
4133125,439.0
4133126,439.0
4133128,439.0
4134114,439.0
4134116,439.0
4134160,439.0
4134161,439.0
4134162,439.0
4134163,439.0
4300228,439.0
4300229,439.0
4300230,439.0
4300231,439.1
4300528,439.1
4300529,439.1
4300530,439.15
4300531,439.15
4300690,439.15
4300691,439.15
4300692,439.4
4301451,439.4
4301453,439.4
4301454,439.5
4301455,439.5
4301456,439.5
4301457,439.5
4301563,439.5
4301564,439.6
4301565,439.7
4301613,439.8
4301614,439.8
4301646,440.0
4301647,440.0
4302502,440.0
4302549,440.0
4302868,440.0
4304586,440.0
4304928,440.0
4304929,440.1
4304930,440.1
4304932,440.15
4304933,440.15
4304935,440.15
4304936,440.2
4306006,440.2
4306007,440.4
4306008,440.5
4306009,440.5
4306010,440.5
4306011,440.5
4306314,440.5
4306316,440.65
4306351,441.0
4306352,441.0
4306353,441.0
4306354,441.0
4306355,441.0
4306356,441.0
4306357,441.0
4308055,441.0
4308056,441.0
4308058,441.0
4308060,441.0
4309350,441.0
4309576,441.0
4309578,441.0
4309580,441.0
4309583,441.0
4310130,441.0
4310131,441.0
4310451,441.0
4310452,441.1
4310453,441.1
4311499,441.1
4311568,441.1
4311569,441.1
4311570,441.1
4311571,441.15
4311572,441.2
4311573,441.2
4311575,441.3
4311576,441.5
4311577,441.5
4311578,441.5
4311579,441.5
4311580,441.5
4311597,441.6
4311863,441.6
4311964,441.8
4312215,441.9
4312216,442.0
4312365,442.0
4312373,442.0
4312530,442.0
4313989,442.0
4313990,442.0
4313991,442.0
4314348,442.0
4314593,442.0
4316140,442.0
4316141,442.0
4316904,442.1
4316905,442.1
4316906,442.15
4316907,442.5
4316986,442.5
4316987,442.5
4317668,442.5
4317669,442.5
4317682,442.6
4317683,442.6
4317684,443.0
4317930,443.0
4317931,443.0
4318438,443.0
4318520,443.0
4318540,443.0
4319239,443.0
4319357,443.0
4319358,443.0
4319493,443.0
4319616,443.0
4319617,443.0
4319618,443.0
4319619,443.0
4319620,443.0
4319621,443.0
4319622,443.0
4319647,443.0
4319706,443.0
4319766,443.1
4320009,443.1
4320010,443.15
4320011,443.2
4320012,443.2
4320013,443.4
4320025,443.5
4320093,443.5
4320476,443.5
4320477,444.0
4320478,444.0
4320479,444.0
4320480,444.0
4320543,444.0
4320581,444.0
4320582,444.0
4320655,444.0
4321084,444.0
4321181,444.0
4321182,444.0
4321183,444.0
4321605,444.0
4321784,444.0
4321785,444.0
4321851,444.0
4321852,444.0
4322181,444.0
4322784,444.0
4322801,444.0
4322810,444.0
4323112,444.0
4323344,444.0
4323400,444.0
4323401,444.0
4323425,444.0
4323438,444.0
4323449,444.0
4323450,444.0
4323451,444.0
4323452,444.0
4323453,444.0
4323491,444.0
4323694,444.0
4323695,444.1
4323696,444.1
4323697,444.15
4323698,444.15
4324803,444.5
4326213,444.5
4331493,444.5
4331495,444.5
4332130,444.5
4332132,444.5
4332275,444.6
4332276,445.0
4332277,445.0
4332278,445.0
4332279,445.0
4332280,445.0
4332281,445.0
4332288,445.0
4332289,445.0
4332290,445.0
4332291,445.0
4332292,445.0
4332293,445.1
4332294,445.15
4332310,445.15
4333077,445.15
4333079,445.15
4333080,445.5
4339195,445.5
4339259,445.5
4339572,445.5
4340012,445.6
4340013,445.9
4340014,446.0
4340016,446.0
4340017,446.0
4340018,446.0
4340019,446.0
4340020,446.0
4340021,446.0
4340022,446.0
4340277,446.0
4340278,446.0
4341968,446.0
4342212,446.0
4345662,446.0
4345663,446.0
4345665,446.0
4350113,446.0
4350254,446.0
4350380,446.1
4350382,446.1
4350383,446.1
4350385,446.1
4350386,446.5
4350387,446.5
4350428,446.6
4350429,446.6
4350430,446.6
4500158,446.6
4500218,446.7
4500219,447.0
4500468,447.0
4500717,447.0
4500718,447.0
4501158,447.0
4501567,447.0
4501702,447.0
4501703,447.0
4501704,447.0
4502052,447.0
4502105,447.0
4502106,447.0
4502107,447.0
4502108,447.0
4502109,447.1
4502110,447.1
4502111,447.15
4502386,447.5
4502445,447.5
4502446,447.5
4502447,447.5
4502448,447.6
4503063,447.6
4503067,447.6
4503126,447.6
4503127,448.0
4503129,448.0
4503137,448.0
4503138,448.0
4503753,448.0
4503815,448.0
4503816,448.0
4503817,448.0
4503818,448.0
4503819,448.0
4503820,448.0
4503821,448.0
4503822,448.0
4503823,448.0
4503824,448.0
4503825,448.0
4503826,448.0
4503827,448.1
4503914,448.1
4503915,448.15
4504013,448.15
4504014,448.15
4504015,448.15
4504094,448.5
4504095,448.5
4504477,448.6
4504478,448.6
4504479,448.6
4504480,448.6
4504506,449.0
4504507,449.0
4504508,449.0
4504509,449.0
4504510,449.0
4504567,449.0
4504675,449.0
4504676,449.0
4504800,449.0
4504801,449.0
4504802,449.0
4504803,449.0
4504806,449.0
4504807,449.0
4504845,449.0
4504907,449.0
4504908,449.0
4504909,449.0
4504910,449.0
4504911,449.0
4504912,449.2
4504913,449.5
4504914,449.5
4504915,449.5
4504916,449.5
4504955,449.5
4504962,449.5
4504975,449.5
4504976,449.5
4504977,449.6
4505046,449.6
4505047,449.6
4505048,450.0
4505049,450.0
4505177,450.0
4505178,450.0
4505179,450.0
4505180,450.0
4505269,450.0
4505271,450.0
4505272,450.0
4505342,450.0
4505400,450.0
4505401,450.0
4505442,450.0
4505444,450.1
4505655,450.1
4505656,450.5
4505657,450.5
4505658,450.5
4505659,450.6
4505660,450.6
4505708,451.0
4505753,451.0
4505802,451.0
4505803,451.0
4505804,451.0
4505821,451.0
4505822,451.0
4506170,451.0
4506171,451.0
4506172,451.0
4506173,451.0
4506189,451.0
4506190,451.0
4506590,451.0
4506951,451.0
4506956,451.0
4507180,451.0
4507181,451.15
4507182,451.15
4507183,451.15
4507184,451.5
4507185,451.5
4507186,451.5
4507474,451.6
4507491,451.6
4507504,451.6
4507505,451.7
4507506,451.9
4507696,451.97
4507697,452.0
4507973,452.0
4507974,452.0
4507975,452.0
4507976,452.0
4507978,452.0
4507979,452.0
4508324,452.0
4508325,452.0
4508326,452.0
4508664,452.0
4508665,452.0
4508811,452.0
4508907,452.0
4508908,452.0
4509678,452.0
4509679,452.0
4509681,452.0
4510092,452.0
4510482,452.1
4510483,452.1
4510484,452.15
4510485,452.15
4510486,452.15
4510487,452.5
4510531,452.5
4510532,452.5
4510536,452.5
4510595,452.5
4510654,452.5
4510655,452.5
4510755,452.5
4510756,452.6
4510757,452.7
4510758,453.0
4510954,453.0
4511229,453.0
4511230,453.0
4511231,453.0
4511232,453.0
4511233,453.0
4511234,453.0
4511444,453.0
4511720,453.0
4511721,453.0
4511722,453.0
4511723,453.0
4511724,453.0
4511958,453.0
4511959,453.0
4512021,453.0
4512023,453.0
4512024,453.0
4512025,453.0
4512026,453.0
4512740,453.0
4512741,453.0
4512742,453.1
4512743,453.1
4512744,453.1
4512745,453.15
4512746,453.15
4512747,453.15
4512748,453.15
4512749,453.15
4512750,453.15
4512751,453.15
4512752,453.15
4512753,453.15
4512754,453.15
4512813,453.15
4512814,453.5
4513055,453.5
4513057,453.5
4513058,453.5
4513267,453.5
4513268,453.6
4513269,453.6
4513270,453.6
4513271,454.0
4513272,454.0
4513273,454.0
4513558,454.0
4513640,454.0
4513641,454.0
4513644,454.0
4513699,454.0
4513829,454.0
4513830,454.0
4513831,454.0
4513832,454.0
4513833,454.0
4513834,454.15
4513835,454.15
4513836,454.5
4513896,454.5
4513897,454.5
4513898,454.6
4514930,455.0
4515152,455.0
4515153,455.0
4515672,455.0
4515926,455.0
4516342,455.0
4516343,455.0
4516344,455.0
4516345,455.0
4516346,455.0
4516347,455.0
4516348,455.0
4516349,455.0
4516350,455.0
4516351,455.1
4516352,455.2
4516353,455.5
4516354,455.6
4516355,455.6
4516356,456.0
4516357,456.0
4516358,456.0
4516359,456.0
4516360,456.0
4516361,456.0
4516362,456.0
4516363,456.0
4516568,456.0
4516569,456.0
4516570,456.0
4516571,456.0
4516572,456.0
4516573,456.0
4516574,456.1
4516575,456.1
4516576,456.15
4516577,456.15
4516578,456.6
4516796,456.6
4517985,456.6
5000070,456.8
5000137,456.9
5900000,457.0
5900009,457.0
5910075,457.0
6000536,457.0
7000829,457.0
7001502,457.0
7003194,457.0
7003195,457.0
7003447,457.0
7003453,457.0
7003454,457.0
7003871,457.0
7003872,457.0
7004128,457.0
7004129,457.0
7004130,457.0
7004131,457.0
7004132,457.0
7004133,457.0
7004134,457.0
7004184,457.0
7004280,457.15
7005256,457.2
7005257,457.5
7005615,457.5
7005616,457.6
7006386,458.0
7006387,458.0
7006419,458.0
7006522,458.0
7006603,458.0
7006604,458.0
7006605,458.0
7006606,458.0
7007896,458.0
7007897,458.0
7008498,458.0
7008499,458.0
7008500,458.0
7008765,458.0
7008766,458.0
7008767,458.0
7009459,458.0
7009509,458.0
7009576,458.0
7009938,458.1
7010541,458.15
7010543,458.15
7011197,458.2
7011250,458.3
7011251,458.4
7011252,458.5
7011655,458.5
7011656,458.5
7011678,458.5
7011679,458.5
7011692,458.5
7011707,458.7
7011742,459.0
7011995,459.0
7011996,459.0
7011997,459.0
7011998,459.0
7011999,459.0
7012026,459.0
7012031,459.0
7012104,459.0
7012105,459.0
7012106,459.0
7012107,459.0
7012312,459.0
7012313,459.0
7012314,459.0
7012315,459.0
7012538,459.0
7012539,459.0
7012777,459.0
7013020,459.1
7013021,459.1
7013022,459.2
7013222,459.5
7013585,459.5
7013587,459.5
7013782,459.5
7014375,459.6
7015174,459.6
7015175,459.6
7015176,459.7
7015177,460.0
7015178,460.0
7015179,460.0
7015182,460.0
7019555,460.0
7019556,460.0
7019557,460.0
7019558,460.0
7019559,460.0
7019560,460.0
7019704,460.0
7021446,460.0
7021518,460.0
7021561,460.0
7021562,460.0
7021563,460.0
7021564,460.0
7021565,460.0
7021566,460.0
7021567,460.0
7021781,460.0
7021782,460.0
7021783,460.1
7021784,460.15
7021785,460.2
7022432,460.5
7022541,460.5
7022542,460.5
7022543,460.5
7022544,460.5
7023816,460.6
7024212,460.6
7024349,461.0
7024350,461.0
7024351,461.0
7024352,461.0
7024353,461.0
7024495,461.0
7024518,461.0
7024520,461.0
7025340,461.0
7027039,461.0
7027040,461.0
7027041,461.0
7027116,461.0
7027117,461.0
7027118,461.0
7027124,461.0
7027125,461.0
7027126,461.0
7027256,461.0
7027309,461.0
7027347,461.1
7027348,461.15
7027349,461.2
7027391,461.6
7027408,461.6
7027443,462.0
7027445,462.0
7027446,462.0
7027500,462.0
7027501,462.0
7027570,462.0
7027571,462.0
7027796,462.0
7027797,462.0
7027798,462.0
7027799,462.0
7027961,462.0
7027962,462.0
7027963,462.0
7028061,462.0
7028062,462.0
7028063,462.0
7028064,462.0
7028067,462.1
7028143,462.1
7030416,462.5
7030417,462.5
7031205,462.5
7031399,462.5
7031866,462.5
7031868,462.5
7031870,462.5
7033003,462.5
7033163,462.5
7033531,462.5
7033532,462.6
7033533,462.6
7033534,462.6
7033535,462.85
7033990,462.85
7033991,463.0
7033993,463.0
7033994,463.0
7034551,463.0
7034552,463.0
7036368,463.0
7036369,463.0
7037593,463.0
7037594,463.0
7037599,463.0
7040988,463.0
7040989,463.0
7041177,463.0
7042609,463.0
7042611,463.0
7043310,463.0
7043311,463.0
7044010,463.0
7044485,463.0
7045143,463.0
7045144,463.0
7045729,463.0
7045730,463.0
7046432,463.0
7047930,463.0
7047931,463.0
7047932,463.1
7048356,463.15
7048357,463.15
7048358,463.15
7050146,463.15
7050147,463.15
7050148,463.15
7050149,463.15
7050150,463.15
7050151,463.15
7050152,463.15
7050153,463.15
7050154,463.29
7050155,463.35
7050281,463.5
7050282,463.5
7050283,463.5
7050322,464.0
7050358,464.0
7050462,464.0
7050463,464.0
7050502,464.0
7050545,464.0
7050546,464.0
7050547,464.0
7050548,464.0
7050549,464.0
7050550,464.0
7050551,464.0
7050552,464.0
7050612,464.15
7050742,464.25
7050743,464.6
7050744,464.6
7050745,464.6
7050746,465.0
7050747,465.0
7050748,465.0
7050749,465.0
7050750,465.0
7050751,465.0
7050752,465.0
7050784,465.0
7050785,465.0
7050799,465.0
7050800,465.0
7050801,465.0
7050802,465.0
7050853,465.0
7050895,465.0
7050920,465.0
7050959,465.0
7050960,465.11
7051075,465.15
7051167,465.15
7051203,465.5
7051204,465.5
7051205,465.5
7051235,465.5
7051236,465.6
7051237,465.8
7051238,466.0
7051247,466.0
7051248,466.0
7051249,466.0
7051267,466.0
7051268,466.0
7051270,466.0
7051279,466.0
7051396,466.0
7051449,466.0
7051536,466.0
7051537,466.15
7051538,466.5
7051539,466.5
7051551,466.5
7051552,466.5
7051998,466.5
7051999,466.5
7052027,467.0
7052130,467.0
7052131,467.0
7052132,467.0
7052143,467.0
7052144,467.0
7052145,467.0
7052146,467.0
7052147,467.0
7052256,467.0
7052257,467.0
7052258,467.0
7052259,467.0
7052260,467.0
7052472,467.0
7052691,467.1
7052692,467.15
7052693,467.15
7052695,467.5
7052696,467.5
7053274,467.5
7053275,467.5
7053276,467.5
7053277,467.8
7053278,468.0
7053279,468.0
7053447,468.0
7053448,468.0
7053449,468.0
7053450,468.0
7053451,468.0
7053544,468.0
7053545,468.0
7053546,468.0
7053560,468.0
7053562,468.0
7053563,468.0
7053737,468.0
7054044,468.0
7054251,468.0
7054536,468.0
7055272,468.0
7055273,468.0
7055274,468.0
7055275,468.15
7055320,468.5
7055496,468.5
7055728,468.5
7055729,468.5
7056232,469.0
7056387,469.0
7056544,469.0
7056659,469.0
7056780,469.0
7056843,469.0
7057617,469.0
7057772,469.0
7057773,469.0
7057774,469.0
7057775,469.0
7057776,469.0
7057777,469.0
7057778,469.1
7057779,469.15
7057833,469.15
7058115,469.35
7058256,469.35
7058272,469.4
7058322,469.5
7058323,469.5
7058384,469.5
7059045,469.6
7059453,469.6
7059484,470.0
7059485,470.0
7059486,470.0
7059672,470.0
7060010,470.0
7060012,470.0
7060206,470.0
7060818,470.0
7061130,470.0
7061272,470.0
7061273,470.1
7061448,470.1
7061494,470.15
7061958,470.4
7062179,470.5
7100086,470.5
7100098,470.6
7100099,471.0
7100269,471.0
7100406,471.0
7100407,471.0
7100408,471.0
7100422,471.0
7100427,471.0
7100428,471.0
7100429,471.0
7100474,471.0
7100475,471.0
7100478,471.0
7100485,471.0
7100486,471.0
7100490,471.0
7100492,471.15
7100493,471.2
7100508,471.5
7100529,471.5
7100700,471.5
7100701,472.0
7100702,472.0
7100703,472.0
7100704,472.0
7100996,472.0
7100997,472.0
7100998,472.0
7100999,472.0
7101019,472.0
7101020,472.0
7101513,472.0
7101588,472.0
7101659,472.0
7101675,472.0
7101695,472.0
7101755,472.0
7101761,472.0
7101762,472.0
7101763,472.1
7101803,472.1
7101804,472.1
7101899,472.3
7101901,472.5
7101902,472.5
7101903,472.5
7101937,472.5
7102312,472.6
7102386,472.6
7102387,472.65
7102433,473.0
7102445,473.0
7102446,473.0
7102460,473.0
7102461,473.0
7102495,473.0
7102496,473.0
7102550,473.0
7102593,473.0
7102737,473.0
7102739,473.0
7103150,473.0
7103300,473.0
7103361,473.0
7103362,473.0
7103363,473.0
7103364,473.0
7103365,473.0
7103610,473.0
7103729,473.0
7103802,473.0
7103803,473.0
7103814,473.0
7103849,473.0
7103850,473.0
7104074,473.0
7104511,473.0
7104535,473.0
7104547,473.1
7104548,473.15
7104549,473.15
7104632,473.15
7104633,473.4
7104634,473.5
7104635,473.5
7104636,473.65
7104903,473.65
7104904,473.65
7105031,474.0
7105668,474.0
7105669,474.0
7105897,474.0
7105898,474.0
7105953,474.0
7105954,474.0
7105955,474.0
7105956,474.0
7106304,474.0
7106428,474.0
7106429,474.0
7106430,474.1
7106431,474.15
7106432,474.2
7106433,474.5
7106434,474.5
7106435,474.5
7106513,474.5
7106554,474.5
7106564,474.5
7106565,475.0
7106864,475.0
7106887,475.0
7107085,475.0
7107625,475.0
7108233,475.0
7108234,475.0
7108235,475.0
7108236,475.0
7108237,475.1
7108238,475.15
7108239,475.5
7108371,475.7
7108372,476.0
7108373,476.0
7108374,476.0
7108375,476.0
7108376,476.0
7108377,476.0
7108415,476.0
7108416,476.0
7108417,476.0
7108454,476.0
7108482,476.0
7108540,476.1
7108930,476.1
7108931,476.15
7108932,476.35
7108933,476.5
7108934,476.5
7109089,476.5
7110026,476.5
7110195,476.6
7110357,476.6
7110408,477.0
7110517,477.0
7110544,477.0
7110545,477.0
7110646,477.0
7110660,477.0
7110707,477.0
7110784,477.0
7110825,477.0
7110866,477.0
7110919,477.0
7110922,477.0
7110923,477.1
7110935,477.15
7110971,477.5
7111054,477.5
7111055,477.5
7111056,477.6
7111057,477.6
7111069,477.6
7111108,478.0
7111125,478.0
7111147,478.0
7111148,478.0
7111369,478.0
7111370,478.0
7111371,478.0
7111403,478.0
7111404,478.0
7111471,478.0
7111472,478.0
7111483,478.0
7111484,478.0
7111672,478.0
7111699,478.0
7111705,478.0
7111756,478.0
7112056,478.0
7112057,478.0
7112326,478.0
7112327,478.15
7112328,478.15
7112329,478.15
7112330,478.5
7112684,478.5
7112928,478.5
7113171,478.5
7113197,478.5
7113199,478.5
7113200,478.5
7113201,479.0
7113377,479.0
7113378,479.0
7113406,479.0
7113407,479.0
7113469,479.0
7113470,479.0
7113578,479.0
7113579,479.1
7113798,479.15
7114094,479.5
7114113,479.5
7114177,479.5
7114295,479.6
7114296,479.6
7114297,479.7
7114300,480.0
7114308,480.0
7114309,480.0
7114310,480.0
7114316,480.0
7114394,480.0
7114413,480.0
7114447,480.0
7114480,480.0
7114481,480.0
7114482,480.0
7114667,480.1
7114668,480.1
7114716,480.15
7114717,480.15
7114729,480.15
7114771,480.15
7114838,481.0
7114839,481.0
7114840,481.0
7114849,481.0
7114850,481.0
7114929,481.0
7114948,481.0
7114969,481.0
7114999,481.0
7115000,481.0
7115029,481.0
7115030,481.0
7115061,481.0
7115234,481.0
7115235,481.0
7115374,481.15
7115492,481.2
7115639,481.2
7115670,481.5
7115802,481.7
7115803,482.0
7116007,482.0
7116046,482.0
7116307,482.0
7116346,482.0
7116960,482.0
7116962,482.0
7117100,482.0
7117455,482.0
7117456,482.0
7117457,482.1
7118180,482.5
7118340,482.5
7118362,482.9
7118367,482.9
7118368,483.0
7118369,483.0
7118370,483.0
7118371,483.0
7118372,483.0
7118373,483.0
7118374,483.0
7118375,483.0
7118416,483.0
7118483,483.0
7118561,483.0
7118731,483.0
7118732,483.0
7118733,483.0
7118734,483.0
7118851,483.0
7118962,483.0
7118963,483.0
7118964,483.0
7118965,483.0
7118966,483.0
7118967,483.0
7118988,483.0
7119058,483.0
7119081,483.0
7119138,483.0
7119139,483.0
7119152,483.0
7119153,483.15
7119200,483.15
7119483,483.2
7119484,483.5
7119485,483.5
7119786,483.5
7120002,483.6
7120353,483.6
7120373,483.7
7120374,484.0
7120376,484.0
7120377,484.0
7120500,484.0
7120665,484.0
7120882,484.0
7120883,484.0
7121259,484.0
7121260,484.0
7121726,484.0
7121728,484.0
7121731,484.0
7121734,484.0
7121736,484.1
7121837,484.15
7121838,484.4
7122575,484.5
7122577,484.5
7122655,484.5
7123071,484.5
7123072,484.6
7123138,485.0
7123139,485.0
7123141,485.0
7124550,485.0
7124779,485.0
7124849,485.0
7125076,485.0
7125077,485.0
7125078,485.15
7125079,485.5
7125403,485.5
7125404,485.5
7125472,485.6
7125497,486.0
7125498,486.0
7126208,486.0
7126896,486.0
7126898,486.0
7126899,486.0
7126900,486.0
7126901,486.0
7126902,486.0
7126903,486.0
7126905,486.0
7126906,486.0
7126907,486.0
7126908,486.0
7126909,486.0
7126910,486.0
7126911,486.1
7126912,486.15
7126913,486.15
7126914,486.39
7126915,486.5
7127974,486.5
7127975,486.5
7131096,486.9
7131097,487.0
7150052,487.0
7150055,487.0
7150056,487.0
7150057,487.0
7150130,487.0
7150148,487.0
7150149,487.0
7150158,487.0
7150159,487.0
7150192,487.5
7150193,487.5
7150194,487.5
7150195,487.5
7150254,487.5
7150255,487.6
7150274,487.6
7150341,487.6
7150342,488.0
7150346,488.0
7150347,488.0
7150348,488.0
7150349,488.0
7150359,488.0
7150476,488.0
7150477,488.0
7150478,488.0
7150479,488.0
7150482,488.0
7150483,488.0
7150484,488.1
7150485,488.15
7150487,488.15
7150489,488.2
7150490,488.5
7150491,488.6
7150493,488.6
7150494,488.6
7150495,489.0
7150496,489.0
7150505,489.0
7150506,489.0
7150514,489.0
7150522,489.0
7150541,489.0
7150560,489.0
7150561,489.0
7150656,489.0
7150701,489.0
7150702,489.0
7150798,489.0
7150813,489.0
7150835,489.0
7150852,489.0
7150853,489.1
7150854,489.2
7150855,490.0
7150934,490.0
7150935,490.0
7151037,490.0
7151041,490.0
7151043,490.1
7151059,490.1
7151060,490.1
7151061,490.5
7151113,490.5
7151159,490.5
7151182,490.5
7151185,490.5
7151239,490.5
7151296,490.5
7151347,490.5
7151380,491.0
7151381,491.0
7151382,491.0
7151415,491.0
7151418,491.0
7151419,491.0
7151431,491.0
7151442,491.0
7151443,491.0
7151444,491.0
7151446,491.0
7151447,491.0
7151449,491.1
7151450,491.15
7151452,491.2
7151453,491.2
7151454,491.5
7151455,491.5
7151489,491.6
7151490,491.6
7151491,491.6
7151544,491.8
7151572,492.0
7151573,492.0
7151574,492.0
7151611,492.0
7151657,492.0
7151659,492.0
7151723,492.0
7151809,492.0
7151823,492.0
7151825,492.0
7151855,492.0
7151856,492.0
7151857,492.1
7151858,492.15
7151872,492.5
7151873,492.5
7151874,492.5
7151875,492.5
7151925,492.6
7151926,492.6
7151971,493.0
7151972,493.0
7151973,493.0
7152073,493.0
7152098,493.0
7152313,493.0
7152314,493.0
7152315,493.0
7152358,493.0
7152428,493.0
7152531,493.0
7152691,493.0
7152692,493.0
7152760,493.0
7152763,493.0
7152845,493.0
7152847,493.0
7152907,493.0
7152908,493.0
7153013,493.0
7153014,493.0
7153015,493.0
7153016,493.0
7153026,493.0
7153027,493.0
7153119,493.0
7153120,493.0
7153240,493.0
7153318,493.0
7153335,493.0
7153458,493.0
7153459,493.1
7153468,493.1
7153469,493.15
7153470,493.15
7153471,493.5
7153472,493.5
7153473,493.8
7153582,494.0
7153583,494.0
7153584,494.0
7153585,494.0
7153586,494.0
7153603,494.0
7153604,494.0
7153649,494.0
7153650,494.0
7153751,494.0
7153752,494.0
7153913,494.0
7154085,494.0
7154236,494.0
7154298,494.0
7154345,494.0
7154429,494.0
7154546,494.0
7154547,494.0
7154558,494.0
7154562,494.0
7154563,494.1
7154598,494.1
7154617,494.1
7154681,494.3
7154800,494.3
7154817,494.3
7154818,494.5
7154819,494.5
7154820,494.57
7154821,494.6
7154843,494.6
7154873,494.94
7154910,495.0
7154954,495.0
7154977,495.0
7155015,495.0
7155028,495.0
7155029,495.0
7155030,495.0
7155061,495.0
7155062,495.0
7155097,495.0
7155100,495.0
7155101,495.0
7155150,495.0
7155170,495.0
7155274,495.0
7155364,495.15
7155403,495.2
7155404,495.39
7155405,495.5
7155407,495.5
7155427,495.6
7155428,496.0
7155429,496.0
7155430,496.0
7155510,496.0
7155596,496.1
7155688,496.15
7155689,496.5
7155690,496.5
7155692,496.5
7155903,496.6
7155953,497.0
7156068,497.0
7156069,497.0
7156070,497.0
7156071,497.0
7156480,497.0
7156481,497.0
7156482,497.0
7156483,497.0
7156485,497.0
7156486,497.0
7156487,497.0
7156523,497.0
7157043,497.0
7157044,497.1
7157045,497.1
7157046,497.2
7157047,497.6
7157048,497.7
7157058,498.0
7157203,498.0
7157315,498.0
7157444,498.0
7157474,498.0
7157475,498.0
7157478,498.0
7157813,498.0
7158152,498.0
7158166,498.0
7158273,498.0
7158647,498.0
7158649,498.1
7158661,498.1
7158693,498.33
7158831,498.5
7158931,498.5
7158932,499.0
7159004,499.0
7159213,499.0
7200207,499.0
7200208,499.0
7200209,499.0
7200210,499.0
7200211,499.0
7200368,499.0
7200391,499.0
7200392,499.0
7200394,499.1
7200431,499.5
7200432,499.5
7200433,499.5
7200434,499.8
7200435,500.0
7200436,500.0
7200437,500.0
7200438,500.0
7200439,500.0
7200440,500.0
7200441,500.0
7200442,500.0
7200699,500.0
7200773,500.0
7200774,500.0
7200775,500.0
7200776,500.0
7200777,500.0
7200778,500.0
7200779,500.0
7200780,500.1
7200781,500.3
7200782,500.5
7200783,500.8
7200805,501.0
7200842,501.0
7200911,501.0
7200912,501.0
7201032,501.0
7201033,501.0
7201034,501.0
7201119,501.0
7201120,501.0
7201121,501.0
7201777,501.0
7201982,501.0
7201985,501.0
7201986,501.0
7202019,501.0
7202020,501.0
7202037,501.0
7202038,501.15
7202132,501.15
7202133,501.5
7202134,501.5
7202135,501.5
7202237,501.5
7202352,501.5
7202378,501.5
7202379,501.6
7202380,502.0
7202382,502.0
7202383,502.0
7202427,502.0
7202429,502.1
7202430,502.1
7202432,502.15
7202433,502.42
7202477,502.5
7202585,502.5
7202586,502.5
7202841,502.6
7202842,502.6
7202843,502.65
7202844,503.0
7202845,503.0
7202960,503.0
7203016,503.0
7203097,503.0
7203098,503.0
7203108,503.0
7203109,503.0
7203221,503.0
7203296,503.0
7203297,503.0
7203298,503.0
7203394,503.0
7203399,503.0
7203448,503.0
7203544,503.0
7203545,503.0
7203546,503.0
7203547,503.0
7203548,503.0
7203549,503.1
7203550,503.1
7203556,503.15
7203566,503.15
7203859,503.15
7203862,503.15
7203907,503.15
7203908,503.15
7203909,503.15
7203910,503.15
7203967,503.5
7203991,503.5
7203993,503.6
7204037,503.7
7204100,504.0
7204101,504.0
7204116,504.0
7204118,504.0
7204120,504.0
7204164,504.0
7204194,504.0
7204195,504.0
7204227,504.0
7204228,504.0
7204263,504.1
7204271,504.15
7204289,504.5
7204296,504.8
7204315,505.0
7204353,505.0
7204407,505.0
7204408,505.0
7204409,505.0
7204410,505.0
7204411,505.0
7204412,505.0
7204413,505.15
7204416,505.5
7204417,505.5
7204418,505.6
7204424,506.0
7204425,506.0
7204426,506.0
7204435,506.0
7204440,506.0
7204441,506.0
7204442,506.0
7204462,506.0
7204463,506.1
7204464,506.15
7204515,506.5
7204538,506.5
7204552,506.5
7204570,506.5
7204602,506.84
7204603,507.0
7204647,507.0
7204649,507.0
7204662,507.0
7204663,507.0
7204664,507.0
7204665,507.0
7204678,507.0
7204679,507.15
7204680,507.15
7204736,507.49
7204737,507.5
7204738,507.5
7204739,507.5
7204770,508.0
7204771,508.0
7204772,508.0
7204773,508.0
7204774,508.0
7204775,508.0
7204776,508.0
7204795,508.0
7204796,508.0
7204797,508.0
7204798,508.0
7204799,508.1
7204800,508.15
7204809,508.3
7204810,508.4
7204820,508.5
7204821,508.5
7204832,508.6
7204852,509.0
7204853,509.0
7204871,509.0
7204872,509.0
7204873,509.0
7204881,509.0
7204908,509.1
7204909,509.5
7204910,509.5
7204911,510.0
7204912,510.0
7204914,510.0
7204915,510.0
7204916,510.0
7204974,510.0
7204975,510.0
7204976,510.1
7204977,510.3
7204978,510.5
7204979,510.6
7204980,511.0
7204981,511.0
7204982,511.0
7204983,511.0
7204988,511.0
7205018,511.0
7205019,511.0
7205022,511.0
7205400,511.0
7205401,511.0
7205402,511.0
7205403,511.15
7205901,511.15
7205903,511.5
7206161,511.5
7206402,512.0
7206439,512.0
7206440,512.0
7206441,512.0
7206667,512.0
7207112,512.0
7207113,512.0
7207114,512.0
7207115,512.0
7207116,512.0
7207483,512.0
7207484,512.0
7207485,512.1
7207486,512.2
7207487,512.3
7207488,512.5
7207489,512.5
7207490,512.5
7207491,512.5
7207606,512.5
7207607,513.0
7207608,513.0
7207609,513.0
7207610,513.0
7207888,513.0
7207889,513.0
7207890,513.0
7208074,513.0
7208075,513.0
7208076,513.0
7208077,513.0
7208504,513.0
7208658,513.0
7208659,513.0
7208660,513.0
7208661,513.0
7208662,513.0
7208663,513.0
7208838,513.0
7208844,513.0
7208994,513.0
7209509,513.0
7209820,513.0
7209864,513.0
7209865,513.0
7209866,513.0
7209867,513.1
7209868,513.15
7209869,513.15
7209870,513.15
7209871,513.15
7209872,513.15
7210067,513.15
7210068,513.15
7210069,513.15
7210070,513.15
7210071,513.15
7210072,513.5
7210073,513.5
7210074,513.5
7210075,513.5
7210398,513.55
7210399,513.6
7210464,514.0
7210465,514.0
7210466,514.0
7210467,514.0
7210468,514.0
7211797,514.0
7211799,514.0
7211800,514.0
7211801,514.0
7211802,514.0
7212087,514.0
7212088,514.0
7212089,514.0
7212090,514.0
7212091,514.0
7212092,514.0
7212093,514.1
7212328,514.2
7212505,514.5
7212506,514.6
7212507,514.6
7212565,515.0
7212566,515.0
7212567,515.0
7212904,515.0
7212938,515.0
7212992,515.0
7212993,515.0
7212999,515.0
7213066,515.0
7213067,515.0
7213068,515.15
7213086,515.3
7213087,515.5
7213088,515.5
7213089,515.5
7213128,515.5
7213136,515.5
7213150,515.6
7213188,516.0
7213212,516.0
7213213,516.0
7213214,516.0
7213215,516.0
7213227,516.0
7213228,516.1
7213229,516.15
7213232,516.15
7213233,516.6
7213237,516.6
7213238,517.0
7213239,517.0
7213240,517.0
7213241,517.0
7213242,517.0
7213243,517.0
7213244,517.0
7213245,517.0
7213246,517.0
7213283,517.15
7213317,517.15
7213322,517.5
7213323,517.5
7213350,517.6
7213351,517.6
7213374,517.6
7213375,517.6
7213431,517.6
7213460,517.7
7213461,518.0
7213486,518.0
7213517,518.0
7213518,518.0
7213519,518.0
7213520,518.0
7213521,518.0
7213545,518.0
7214418,518.1
7214419,518.1
7214420,518.15
7214421,518.15
7214422,519.0
7214423,519.0
7214424,519.0
7214425,519.0
7214426,519.0
7214427,519.0
7214895,519.0
7214896,519.0
7214897,519.0
7214947,519.15
7214948,519.15
7215310,519.15
7215311,519.15
7215312,519.6
7215538,519.65
7215539,520.0
7215541,520.0
7215996,520.0
7215997,520.0
7215998,520.15
7215999,520.5
7216000,520.5
7216101,520.5
7216102,520.6
7216103,521.0
7216104,521.0
7216105,521.0
7216130,521.0
7216131,521.0
7216132,521.0
7216133,521.1
7216134,521.15
7216135,521.15
7216136,521.15
7216137,521.15
7216138,521.15
7216139,521.15
7216140,521.5
7216141,522.0
7216142,522.0
7216280,522.0
7216281,522.0
7216282,522.0
7216283,522.0
7216284,522.0
7216285,522.0
7216420,522.1
7216421,522.1
7216469,522.15
7216470,522.2
7216471,522.2
7216472,522.3
7216473,522.3
7216474,523.0
7216475,523.0
7216476,523.0
7216477,523.0
7216491,523.0
7216513,523.0
7216514,523.0
7216515,523.0
7216516,523.0
7216517,523.0
7216518,523.0
7216519,523.0
7216520,523.0
7216521,523.0
7216522,523.0
7216523,523.0
7216524,523.0
7216525,523.0
7216526,523.0
7216616,523.0
7216781,523.0
7216875,523.0
7216877,523.0
7216885,523.0
7216887,523.0
7216888,523.0
7216889,523.0
7216912,523.0
7216913,523.0
7217071,523.0
7217107,523.0
7217209,523.0
7217216,523.0
7217217,523.0
7217278,523.0
7217279,523.1
7217318,523.15
7217636,523.15
7217638,523.15
7217661,523.15
7217662,523.7
7217770,523.7
7217771,523.8
7217772,524.0
7217773,524.0
7217774,524.0
7217775,524.0
7217776,524.0
7217881,524.0
7217882,524.0
7217885,524.0
7217886,524.0
7218029,524.0
7218128,524.0
7218129,524.0
7218130,524.0
7218131,524.0
7218527,524.0
7218643,524.0
7218644,524.0
7218645,524.0
7218717,524.0
7218744,524.0
7218745,524.0
7218782,524.1
7219472,524.15
7219622,524.5
7219623,524.5
7219624,524.5
7219639,525.0
7219858,525.0
7219955,525.0
7220019,525.0
7220020,525.0
7220021,525.0
7220022,525.0
7220063,525.0
7220177,525.0
7220330,525.15
7220700,525.5
7220701,526.0
7220863,526.0
7220864,526.0
7220865,526.0
7220866,526.0
7220867,526.0
7220868,526.0
7220869,526.0
7220870,526.0
7220871,526.0
7220872,526.0
7220873,526.0
7220874,526.0
7220875,526.5
7220876,527.0
7220877,527.0
7220878,527.0
7220879,527.0
7221556,527.0
7221605,527.0
7221635,527.5
7221675,527.5
7221823,528.0
7221979,528.0
7222038,528.0
7222916,528.0
7223607,528.0
7223857,528.0
7223914,528.15
7223960,528.2
7224036,528.3
7224185,529.0
7224262,529.0
7224350,529.0
7224351,529.45
7224393,529.5
7224543,529.8
7224544,530.0
7224704,530.0
7224759,530.0
7224879,530.0
7224880,530.0
7224881,530.0
7224882,530.1
7224883,530.2
7224884,530.2
7224885,531.0
7224886,531.0
7224887,531.0
7224888,531.0
7224889,531.0
7224943,531.0
7224961,531.0
7225217,531.0
7225218,531.0
7225252,531.0
7225298,531.0
7225378,531.0
7225379,531.0
7225380,531.0
7225381,531.0
7225382,531.0
7225383,531.0
7225384,531.0
7225535,531.0
7225716,531.0
7226049,531.0
7226050,531.0
7226051,531.0
7226059,531.0
7226061,531.15
7226110,531.15
7226237,532.0
7226238,532.0
7226239,532.0
7226240,532.0
7226241,532.0
7226242,532.1
7226243,532.5
7226244,532.5
7226275,532.6
7226276,532.75
7226277,533.0
7226278,533.0
7226279,533.0
7226280,533.0
7226478,533.0
7226603,533.0
7226662,533.0
7226664,533.0
7227370,533.0
7227372,533.0
7227373,533.0
7227374,533.0
7227385,533.0
7227386,533.0
7227731,533.0
7227878,533.0
7227992,533.0
7229169,533.0
7229170,533.0
7229171,533.0
7229610,533.0
7229831,533.15
7229832,533.15
7230267,533.5
7230299,533.5
7230468,534.0
7230628,534.0
7230629,534.0
7230662,534.0
7231002,534.0
7231305,534.0
7231306,534.45
7231307,534.5
7231308,534.5
7231309,535.0
7231325,535.0
7231328,535.0
7231329,535.0
7231330,535.0
7231331,535.5
7231332,536.0
7231333,536.0
7231335,536.0
7231336,536.0
7231337,536.1
7231338,536.5
7231339,536.5
7231340,536.5
7231608,536.6
7231908,537.0
7231909,537.0
7232052,537.0
7232108,537.5
7232109,537.5
7232110,537.5
7232111,537.5
7232397,537.5
7232398,537.5
7232399,537.5
7232400,537.5
7232401,538.0
7232402,538.0
7232403,538.0
7232404,538.0
7232405,538.15
7232406,538.5
7232407,539.0
7232751,539.0
7232752,539.5
7232753,539.5
7232754,540.0
7232872,540.1
7232873,540.1
7233002,541.0
7233455,541.0
7233456,541.0
7233457,541.0
7233458,541.0
7233459,541.0
7233460,541.0
7233461,541.15
7233462,541.15
7233463,542.0
7233464,542.0
7233465,542.0
7233466,542.0
7233467,542.0
7233468,542.1
7233469,542.15
7233470,543.0
7233471,543.0
7233472,543.0
7233473,543.0
7233929,543.0
7234268,543.0
7234269,543.0
7234270,543.0
7234565,543.0
7235103,543.15
7235250,543.15
7235251,543.15
7235252,543.6
7235253,543.6
7235254,543.6
7235696,543.6
7235697,543.6
7235698,543.6
7235699,543.6
7236215,543.6
7236292,543.6
7236821,543.6
7236822,543.6
7236901,543.6
7237347,544.0
7237348,544.0
7237349,544.0
7237350,544.0
7237351,544.0
7237352,544.0
7237353,544.0
7237354,544.0
7238064,544.0
7238095,544.0
7238096,544.0
7238566,544.0
7238597,544.15
7238736,544.15
7238737,544.15
7238738,544.15
7238739,544.5
7238740,544.8
7238747,545.0
7238825,545.0
7238826,545.0
7238859,545.0
7238888,545.0
7238894,545.0
7239015,545.0
7239060,545.1
7239133,545.15
7239445,545.6
7239983,545.6
7240224,546.0
7240425,546.0
7240426,546.0
7240541,546.0
7240816,546.1
7241182,547.0
7241270,547.1
7241423,547.2
7241907,548.0
7241908,548.0
7241909,548.0
7241910,548.1
7241911,548.1
7241912,548.1
7241913,548.15
7241914,548.15
7242491,549.0
7242492,549.2
7242493,549.5
7242939,549.6
7242971,550.2
7243486,551.0
7244051,551.0
7244052,551.0
7244053,551.75
7244419,552.0
7244420,552.0
7244600,552.0
7244746,552.1
7244747,552.1
7245127,552.15
7245774,553.0
7245775,553.0
7245776,553.0
7245777,553.15
7245778,553.15
7245779,553.15
7701564,553.15
7701566,553.6
7701570,554.25
7701848,554.5
7701849,555.0
7701850,555.0
7702013,555.0
7702306,555.1
7702307,555.5
7702308,555.6
7702309,557.0
7702495,557.2
7702496,558.15
7702497,560.0
7702498,560.0
7702515,561.0
7702838,561.15
7702839,561.15
7705814,562.0
7706494,562.5
7709305,562.9
7711254,563.15
7711255,564.0
8000057,564.0
8000098,564.1
8000175,564.6
8100044,565.0
8100058,565.0
8100067,565.2
8100073,565.5
8100074,566.0
8100078,566.0
8100103,566.5
8100104,567.0
8100120,567.0
8100121,567.3
8100144,567.6
8100176,567.7
8100191,568.15
8100192,568.15
8100205,569.0
8100206,569.0
8100209,570.0
8100252,570.5
8100276,571.0
8100277,573.0
8100282,573.0
8100368,573.0
8100369,573.0
8100430,573.0
8100433,573.0
8100553,573.0
8100554,573.0
8100555,573.0
8100574,573.0
8100575,573.0
8100579,573.0
8100604,573.0
8100607,573.0
8100626,573.0
8100632,573.15
8100636,573.15
8100637,573.15
8100687,573.15
8100694,573.15
8100698,573.15
8100701,573.15
8100702,573.15
8100723,573.15
8100760,573.15
8100761,573.15
8100785,573.15
8100789,573.15
8100842,573.15
8100847,573.15
8100848,574.0
8100854,576.0
8100929,576.5
8100964,576.5
8100968,577.15
8100974,579.0
8101033,579.15
8101038,580.0
8101066,580.3
8101094,581.0
8101096,581.6
8101098,582.7
8101100,583.15
8101106,583.15
8101109,590.0
8101134,591.96
8101158,593.0
8101163,593.0
8101196,593.15
8101197,593.15
8101383,593.15
8101384,593.15
8101410,593.15
8101419,598.15
8101438,599.0
8101476,600.0
8101477,600.0
8101484,600.0
8101485,600.0
8101499,600.0
8101557,600.0
8101558,600.84
8101587,601.0
8101591,601.0
8101645,602.0
8101649,602.0
8101652,602.0
8101655,602.0
8101658,602.0
8101663,603.6
8101664,604.0
8101672,605.0
8101673,606.6
8101692,608.15
8101693,611.0
8101729,611.1
8101730,613.0
8101731,613.0
8101732,614.5
8101734,616.0
8101738,623.15
8101739,623.15
8101745,623.15
8101762,623.15
8101834,623.15
8101864,623.15
8101890,623.15
8101901,633.0
8101909,635.5
8101934,639.6
8101940,640.15
8101945,643.15
8101970,643.15
8101971,643.15
8101976,643.15
8101997,663.0
8102008,663.0
8102009,673.15
8102032,673.15
8102042,673.15
8102053,673.15
8102083,673.15
8102151,679.0
8102164,683.0
8102222,686.0
8102252,694.0
8102253,705.0
8102311,744.0
8102320,771.0
8102321,773.0
8102347,773.0
8102355,773.0
8102463,773.0
8102509,773.0
8102510,773.0
8102511,773.0
8102592,773.0
8102794,773.0
8102795,773.0
8102808,773.0
8102815,773.0
8103229,773.0
8104851,783.0
8105064,786.4
8105343,835.1
8105881,1124.15
8106006,1124.15
8106487,1273.0
8106647,2673.15
